end;AccountsPayableCurrent;AccountsReceivableNetCurrent;AccumulatedDepreciationDepletionAndAmortizationPropertyPlantAndEquipment;AccumulatedOtherComprehensiveIncomeLossNetOfTax;AdditionalPaidInCapital;AdjustmentsToAdditionalPaidInCapitalShareBasedCompensationRestrictedStockUnitsRequisiteServicePeriodRecognition;AdjustmentsToAdditionalPaidInCapitalSharebasedCompensationRequisiteServicePeriodRecognitionValue;AllocatedShareBasedCompensationExpense;AssetRetirementObligation;AssetRetirementObligationAccretionExpense;AssetRetirementObligationCurrent;AssetRetirementObligationLiabilitiesIncurred;AssetRetirementObligationLiabilitiesSettled;AssetRetirementObligationRevisionOfEstimate;AssetRetirementObligationsNoncurrent;Assets;AssetsCurrent;CapitalExpendituresIncurredButNotYetPaid;CapitalizedExploratoryWellCostAdditionsPendingDeterminationOfProvedReserves;CapitalizedExploratoryWellCosts;CapitalizedExploratoryWellCostsThatHaveBeenCapitalizedForPeriodGreaterThanOneYear;CapitalizedExploratoryWellCostsThatHaveBeenCapitalizedForPeriodOfOneYearOrLess;CashAndCashEquivalentsAtCarryingValue;CashAndCashEquivalentsPeriodIncreaseDecrease;CashCashEquivalentsRestrictedCashAndRestrictedCashEquivalents;CommonStockValue;ComprehensiveIncomeNetOfTaxIncludingPortionAttributableToNoncontrollingInterest;CostsAndExpenses;DebtInstrumentCarryingAmount;DebtInstrumentFairValue;DeferredIncomeTaxAssetsNet;DeferredIncomeTaxExpenseBenefit;DeferredIncomeTaxLiabilitiesNet;DeferredTaxAssetsNetCurrent;DeferredTaxLiabilitiesCurrent;DeferredTaxLiabilitiesNoncurrent;DepreciationDepletionAndAmortization;DerivativeAssetsCurrent;DerivativeCollateralObligationToReturnCash;DerivativeCollateralRightToReclaimCash;DerivativeLiabilitiesCurrent;DividendsCommonStock;DividendsPayableCurrentAndNoncurrent;EffectOfExchangeRateOnCashAndCashEquivalents;ExplorationExpense;GainLossOnDispositionOfAssets1;GainsLossesOnSalesOfAssets;GeneralAndAdministrativeExpense;ImpairmentOfOilAndGasProperties;IncomeLossFromContinuingOperationsBeforeIncomeTaxesExtraordinaryItemsNoncontrollingInterest;IncomeTaxExpenseBenefit;IncomeTaxesPaidNet;IncomeTaxesReceivable;IncreaseDecreaseInAccountsPayable;IncreaseDecreaseInAccruedTaxesPayable;IncreaseDecreaseInInventories;IncreaseDecreaseInOtherOperatingAssets;IncreaseDecreaseInOtherOperatingLiabilities;IncreaseDecreaseInReceivables;InterestCostsCapitalized;InterestExpense;InterestPaidNet;InventoryNet;LiabilitiesAndStockholdersEquity;LiabilitiesCurrent;LongTermDebtCurrent;LongTermDebtNoncurrent;NaturalGasProductionRevenue;NetCashProvidedByUsedInFinancingActivities;NetCashProvidedByUsedInInvestingActivities;NetCashProvidedByUsedInOperatingActivities;NetIncomeLoss;NetIncomeLossAvailableToCommonStockholdersBasic;OilAndCondensateRevenue;OilAndGasPropertySuccessfulEffortMethodGross;OperatingIncomeLoss;OperatingLeaseExpense;OperatingLeaseLiabilityCurrent;OtherAssetsCurrent;OtherAssetsNoncurrent;OtherComprehensiveIncomeLossForeignCurrencyTransactionAndTranslationAdjustmentNetOfTax;OtherComprehensiveIncomeLossNetOfTax;OtherComprehensiveIncomeOtherNetOfTax;OtherLiabilitiesCurrent;OtherLiabilitiesNoncurrent;OtherNoncashIncomeExpense;OtherNonoperatingIncomeExpense;PaymentsForRepurchaseOfCommonStock;PaymentsOfOrdinaryDividends;PaymentsToAcquireOilAndGasPropertyAndEquipment;PaymentsToAcquireOtherPropertyPlantAndEquipment;PensionAndOtherPostretirementBenefitExpense;ProceedsFromSaleOfOilAndGasPropertyAndEquipment;ProceedsFromStockOptionsExercised;PropertyPlantAndEquipmentGross;PropertyPlantAndEquipmentNet;PropertyPlantAndEquipmentOther;ReceivablesNetCurrent;ReclassificationToWellFacilitiesAndEquipmentBasedOnDeterminationOfProvedReserves;ResultsOfOperationsDryHoleCosts;ResultsOfOperationsTransportationCosts;RetainedEarningsAccumulatedDeficit;Revenues;ShareBasedCompensation;StockholdersEquity;StockholdersEquityIncludingPortionAttributableToNoncontrollingInterest;TaxesPayableCurrent;TreasuryStockValue;UnrealizedGainLossOnDerivativesAndCommodityContracts
2008-06-30;434948520.81231403;;46635013064.94921;302098283.4072842;5847253890.5761595;;;;-84185365.3707428;;;5749605.75521114;;;-261606774.58216476;35551583123.00823;4913806500.875473;;;135488565.88247347;;86743022.5869175;108101000.0;;777801478.9081326;209655109.9078641;168992654.79255188;871703000.0;7302552805.393837;8561041019.594797;161216046.12279987;;6072364592.76018;;214590740.32083297;1.322569907492747e+22;1355133112.0570881;162485994.3983886;;4746538.873083863;70446088.7532174;;38631949.204537965;-2000000.0;59511000.0;;;61640000.0;48875000.0;1429000000.0;69177000.0;23220487.087267533;;-35168968.07508755;114664054.80706412;;10589189.169666432;;;85094953.6663321;50333000.0;26091731.533120632;;35698899937.46371;8010055378.355202;;4536103216.884704;1340557000.0;69784682.62449586;;;178206000.0;178206000.0;;1995200299.5735207;243103000.0;;;-68461222.04289985;215729898.61393166;31969644.438395474;27046408.375798956;;137234010.1172892;-3093793745.895072;-2440239.557893633;13309000.0;146404614.04348588;-990145505.503986;;160771151.10341123;12000000.0;;-28584218.984574795;47145443321.308304;1.3458985856691051e+20;1.0123403722152472e+18;722695000.0;-250860407.28240365;;194954819.82563105;-2.07337658719021e+19;1095512000.0;3.33621050416253e+17;9014497000.0;1.4816529406976893e+19;-180253116.26186353;-20608732.48536496;-1212068549.4479966
2008-09-30;1208932115.3376808;;9018974000.0;130503000.0;395128000.0;;;22100000.0;387474000.0;;19834000.0;5749605.75521114;;;367640000.0;16792752000.0;2210276000.0;;;135488565.88247353;;86743022.58691752;885977000.0;;3368484160.5150476;202505000.0;135491000.0;871703000.0;7014972026.363931;7054231535.722744;43414121.244394094;;5842167267.819498;;213413000.0;3033271000.0;375592000.0;606595000.0;;17103668.009708494;11758000.0;-70757010.62559938;16077060.360865206;-2000000.0;37943000.0;-3282470.624657838;25480021.339664686;70893000.0;32142000.0;1429000000.0;837667000.0;24319786.539108746;19078000.0;193856065.09012687;-55732297.7379438;;-53631695.90733225;;;83752.08843545243;50333000.0;47351313.724442475;;16792752000.0;1189620000.0;37000000.0;2760000000.0;1259130000.0;-352625846.39214325;;;113235333.33333334;1556285000.0;;21328406530.28241;2392183000.0;;;63763000.0;136797000.0;31969644.438395474;27046408.37579895;;92943000.0;550339000.0;-2440239.557893631;13864000.0;33306180.15814504;-694048952.8290381;;117025402.79367328;12000000.0;104366593.0660911;10596840.281338006;23464653000.0;14445679000.0;1172546000.0;722695000.0;-168150355.18097606;33643000.0;126849373.30485761;8535559000.0;3263886000.0;9575362.233522207;9014497000.0;8348390707.119732;-192658466.4693505;4173000.0;33570000.0
2008-12-31;783764000.0;604260000.0;9018974000.0;130503000.0;395128000.0;;;22100000.0;387474000.0;;19834000.0;5749605.75521114;;;367640000.0;16792752000.0;2210276000.0;;;135488565.88247353;;86743022.58691752;796470500.0;;3502705678.0786357;202505000.0;135491000.0;866362000.0;6999041960.281504;7036174980.921646;39453838.40311791;;5842167267.819498;;213413000.0;3033271000.0;375592000.0;606595000.0;;17554712.4739097;11758000.0;-62893859.64138597;16015432.252623603;-2000000.0;36125000.0;-2808167.9134082943;-232000.0;64826500.0;39594000.0;1429000000.0;415408500.0;24319786.539108746;19078000.0;203696058.96711713;-52144684.047526285;;-52279555.89334862;;;7651369.166132551;50333000.0;47862069.016420655;;16792752000.0;1189620000.0;37000000.0;2760000000.0;859587000.0;-161492730.68815994;;;48264666.66666667;769789500.0;;22531778973.333984;1196100500.0;;;63763000.0;136797000.0;31969644.438395474;27046408.375798948;;92943000.0;550339000.0;-2440239.557893632;7550500.0;1732601.2568030655;-371031222.4846352;;93026638.27626458;12000000.0;103297526.69009553;10546275.118562043;23464653000.0;14445679000.0;1172546000.0;722695000.0;-170192987.57212833;33643000.0;162096432.10289612;8535559000.0;2062462500.0;13305294.713011414;9014497000.0;9517740000.0;86334000.0;4173000.0;33570000.0
2009-06-30;783764000.0;604260000.0;9018974000.0;130503000.0;395128000.0;;;22100000.0;387474000.0;5322000.0;19834000.0;5376000.0;-2542000.0;177000.0;367640000.0;16792752000.0;2210276000.0;451000000.0;9292935.439072864;150571578.31851858;;95163619.35053006;706964000.0;-455667000.0;2886270311.1303973;202505000.0;135491000.0;861021000.0;7031382539.371035;7314932688.545939;23682691.499074295;36695000.0;5801766976.286501;;213413000.0;3033271000.0;375592000.0;606595000.0;;15330058.629127711;11758000.0;-145806210.42405152;14788467.298729464;-187000.0;34307000.0;-8534314.737518795;-232000.0;58760000.0;47046000.0;1429000000.0;-6850000.0;48369000.0;19078000.0;147632000.0;-12341184.843200348;-53312000.0;-13494000.0;-5554000.0;-95770000.0;18000000.0;50333000.0;4842000.0;;16792752000.0;1189620000.0;37000000.0;2760000000.0;460044000.0;-36089000.0;-1039678000.0;620287000.0;-16706000.0;-16706000.0;;24784005012.188377;18000.0;;;63763000.0;136797000.0;31506077.122940294;26632384.65466966;;92943000.0;550339000.0;2659726.771915924;1237000.0;5347000.0;36289000.0;1063390000.0;61483000.0;6400000.0;3766000.0;5277000.0;23464653000.0;14445679000.0;1172546000.0;570262000.0;-13873856.63620527;33643000.0;197343490.90093452;8535559000.0;861039000.0;22494000.0;9259522000.0;9517740000.0;86334000.0;4173000.0;33570000.0
2009-09-30;783764000.0;604260000.0;9524312000.0;291627000.0;528544000.0;;;26000000.0;433849000.0;5322000.0;22923000.0;5376000.0;-2542000.0;177000.0;410926000.0;17221293000.0;1831689000.0;451000000.0;9292935.439072864;165430000.0;73900000.0;91530000.0;608511000.0;-455667000.0;2583409077.3952403;202524000.0;165320000.0;971546000.0;4721810545.33272;4154000000.0;88799274.93036792;36695000.0;5783550905.785752;1169000.0;114304000.0;3133252000.0;385330000.0;290536000.0;;2144068.0138474666;16370000.0;-144543999.91049564;37791027.37825729;-187000.0;44910000.0;-8447143.132138768;-232000.0;62775000.0;69404000.0;1429000000.0;361000.0;48369000.0;27134000.0;147632000.0;-15142710.048194997;-53312000.0;-13494000.0;-5554000.0;-95770000.0;18000000.0;50333000.0;4842000.0;;17221293000.0;1201151000.0;37000000.0;2760000000.0;450304000.0;-36089000.0;-1039678000.0;620287000.0;4196000.0;4196000.0;;26647238000.0;35303000.0;;;61018000.0;137049000.0;30994754.13424845;26175709.131139074;;127124000.0;609150000.0;2593422.58348143;-339000.0;5347000.0;36289000.0;1063390000.0;61483000.0;6400000.0;3766000.0;5277000.0;24776867000.0;15252555000.0;1261505000.0;606772903.2258065;-10791392.441461146;3016000.0;198434264.75726438;8502940000.0;1006849000.0;22494000.0;9529788930.232557;9517740000.0;86334000.0;-7895000.0;20877000.0
2010-03-31;1019710500.0;707202500.0;10118671500.0;303129000.0;592536500.0;;;8500000.0;467950000.0;5322000.0;30938000.0;5376000.0;-2542000.0;177000.0;437012000.0;18343488000.0;1873916000.0;451000000.0;9292935.43907287;165430000.0;73900000.0;91530000.0;230084000.0;-455667000.0;1900745391.1561594;202529500.0;67294500.0;1150791000.0;4653954448.113429;4154000000.0;78896673.2371234;36695000.0;5769259913.747676;1169000.0;62096500.0;3278484500.0;431906000.0;154603500.0;;752259.6861711778;20628000.0;-169107750.2577377;40419945.80372617;-187000.0;51197000.0;-10168268.74660415;-676000.0;60423000.0;69595000.0;1429000000.0;79142000.0;48369000.0;28909000.0;147632000.0;-8279289.433046132;-53312000.0;-13494000.0;-5554000.0;-95770000.0;18000000.0;50333000.0;4842000.0;;18343488000.0;1379644000.0;18500000.0;3247033500.0;676982000.0;-36089000.0;-1039678000.0;620287000.0;118015000.0;29563534.88372093;;26647238000.0;219902000.0;;;79907500.0;131135500.0;30483431.145556603;25719033.6076085;;124302000.0;613946500.0;2527118.3950469247;2683000.0;5347000.0;36289000.0;1063390000.0;61483000.0;6400000.0;3766000.0;5277000.0;26457108000.0;16338436500.0;1375808000.0;643283806.451613;-10222739.460428387;23077000.0;191700464.06254885;8734560500.0;1370693000.0;22494000.0;9800055860.465117;9824379500.0;88192500.0;481000.0;7803000.0
2010-06-30;1255657000.0;810145000.0;10713031000.0;314631000.0;656529000.0;;;9300000.0;470147000.0;5603333.333333333;29473000.0;5570333.333333333;-6387333.333333334;367333.3333333334;440674000.0;19465683000.0;1916143000.0;560333333.3333334;14694000.0;165430000.0;73900000.0;91530000.0;650114000.0;-10634000.0;-175101020.65609258;202535000.0;-30731000.0;1217467000.0;5260000000.0;4154000000.0;61156738.80269703;34893333.333333336;5754954820.757948;1169000.0;9889000.0;3423717000.0;465343000.0;18671000.0;;-15004824.35546372;24886000.0;-390363410.6812569;35762503.03794256;-164666.66666666666;50131000.0;-24949286.79657564;8307000.0;64737000.0;80362000.0;1429000000.0;50187000.0;35519333.333333336;30684000.0;153587000.0;79748000.0;-58119000.0;-15214666.666666666;-829000.0;-101798333.33333333;17333333.333333332;50333000.0;9865333.333333332;;19465683000.0;1558137000.0;0.0;3734067000.0;553354000.0;425877666.6666667;-1169034333.3333333;732687333.3333334;59872000.0;54931069.76744186;757362000.0;26647238000.0;140501000.0;;;98797000.0;125222000.0;43842000.0;37649910.09886412;;121480000.0;618743000.0;2523000.0;-545000.0;8558333.333333334;37193666.666666664;1218211333.3333333;94253333.33333333;6833333.333333333;89213000.0;9305666.666666666;28137349000.0;17424318000.0;1490111000.0;679794709.6774194;-19966000.0;19318000.0;195054750.31371632;8966181000.0;1357968000.0;24139333.333333332;10070322790.697674;10131019000.0;90051000.0;8857000.0;37015000.0
2010-09-30;1541268000.0;897732000.0;11557256000.0;375847000.0;695046000.0;;26000000.0;12600000.0;537179000.0;5884666.666666667;28767000.0;5764666.666666667;-10232666.666666668;557666.6666666667;508412000.0;19944859000.0;1534445000.0;669666666.6666666;14694000.0;153218000.0;67269000.0;85949000.0;27832000.0;434399000.0;-705412070.3841265;202540000.0;-9690000.0;1593770000.0;5260000000.0;4329000000.0;48740010.46392235;33091666.666666668;5737092296.252925;14620500.0;45367000.0;3423942000.0;500888000.0;60728000.0;;-12077747.63238542;29144000.0;-563065371.9993974;25696227.341000527;-142333.33333333334;47307000.0;-33734843.496734254;64809000.0;81310000.0;352908000.0;1429000000.0;32093000.0;22669666.666666668;89357000.0;159542000.0;79748000.0;-62926000.0;-16935333.333333332;3896000.0;-107826666.66666667;16666666.666666666;50333000.0;14888666.666666666;;19944859000.0;1938300000.0;0.0;3768638000.0;602242000.0;887844333.3333334;-1298390666.6666667;845087666.6666666;-70906000.0;80298604.65116279;757362000.0;28208613000.0;-11695000.0;;;77533000.0;160604000.0;43842000.0;7416000.0;;168812000.0;695855000.0;2523000.0;5772000.0;11769666.666666668;38098333.333333336;1373032666.6666667;127023666.66666666;7266666.666666667;174660000.0;13334333.333333332;29807066000.0;18249810000.0;1598453000.0;716305612.9032258;-19966000.0;2700000.0;195231615.25485966;8855869000.0;1582075000.0;25784666.666666668;10340589720.930233;10118124000.0;114763000.0;11178000.0;60998000.0
2011-03-31;1838959000.0;1228549000.0;12748006000.0;485464000.0;2148476000.0;;26000000.0;9400000.0;499241000.0;6166000.0;33315000.0;5959000.0;-14078000.0;748000.0;465926000.0;23545522000.0;3597603000.0;779000000.0;14694000.0;76171000.0;57075000.0;19096000.0;1668285000.0;879432000.0;284876348.8853359;202685000.0;179366000.0;1624655000.0;5260000000.0;5520000000.0;-35779649.32114661;31290000.0;618392781.0194454;28072000.0;7944000.0;3571473000.0;568226000.0;45498000.0;;-7323417.233177057;105231000.0;-831243476.8316109;63967759.59319987;-120000.0;50909000.0;-51870436.79782786;71742000.0;70037000.0;89328000.0;1429000000.0;91749000.0;9820000.0;30546000.0;165497000.0;79748000.0;-67733000.0;-18656000.0;8621000.0;-113855000.0;16000000.0;50333000.0;19912000.0;;23545522000.0;2500191000.0;220000000.0;5004725000.0;583919000.0;1349811000.0;-1427747000.0;957488000.0;133973000.0;105666139.53488372;757362000.0;30526397000.0;272451000.0;;;114827000.0;306467000.0;43842000.0;7416000.0;;150913000.0;680754000.0;2523000.0;3604000.0;14981000.0;39003000.0;1527854000.0;159794000.0;7700000.0;260107000.0;17363000.0;32389458000.0;19641452000.0;1863061000.0;794742056.921101;-19966000.0;22951000.0;195708004.71761274;8963475000.0;1897106000.0;27430000.0;7259276664.617727;11788379000.0;136897000.0;11721000.0;-66746000.0
2011-06-30;1870172000.0;1279740000.0;13463534000.0;492880000.0;2181157000.0;;26000000.0;10500000.0;488233000.0;6562250.0;22959000.0;7187500.0;-16895250.0;562250.0;465274000.0;23959379000.0;3637950000.0;804250000.0;23811500.0;75231000.0;64286000.0;10945000.0;1577438000.0;579158500.0;254751915.6355523;202687000.0;302990000.0;1981997000.0;5260000000.0;5628000000.0;-36847010.43115339;51004500.0;789350470.9058552;0.0;50180000.0;3681009000.0;602944000.0;109225000.0;;-19546385.513023026;12393000.0;-885105318.0763153;63362025.76284579;644500.0;41238000.0;-50473160.524882436;163771000.0;67406000.0;358654000.0;1429000000.0;247650000.0;28353750.0;27694000.0;183279000.0;58520250.0;-48247750.0;-41202000.0;5201000.0;-107878250.0;15000000.0;51253000.0;23310000.0;;23959379000.0;2476238000.0;220000000.0;5006251000.0;599993000.0;1005637000.0;-1414640250.0;987517250.0;295574000.0;;938518000.0;31588860000.0;588253000.0;;;103759000.0;324606000.0;11673000.0;7416000.0;;131872000.0;718696000.0;2003750.0;6224000.0;16253750.0;40064750.0;1615593750.0;162521500.0;8500000.0;307607750.0;18071750.0;33460357000.0;19996823000.0;1871497000.0;817865032.9780596;-15003500.0;1676000.0;183121702.8123808;9213356000.0;2570250000.0;27657000.0;7579792874.799345;12077185000.0;148645000.0;12895000.0;189621000.0
2011-09-30;1926455000.0;1249649000.0;13453905000.0;372448000.0;2230600000.0;;41600000.0;13500000.0;564063000.0;6958500.0;30306000.0;8416000.0;-19712500.0;376500.0;533757000.0;24794678000.0;3735362000.0;829500000.0;32929000.0;80589000.0;44032000.0;36557000.0;1386728000.0;278885000.0;-16282682.250138238;202691000.0;420446000.0;1935714000.0;5260000000.0;5816000000.0;-44728499.96663004;70719000.0;1132717314.6546898;0.0;139646000.0;3858243000.0;651684000.0;364991000.0;78000000.0;-17205700.703233663;0.0;-995171748.0295677;63018591.33945523;1409000.0;48469000.0;-55644941.82604591;207468000.0;82260000.0;83431000.0;1429000000.0;358343000.0;46887500.0;28013000.0;201061000.0;37292500.0;-28762500.0;-63748000.0;1781000.0;-101901500.0;14000000.0;52186000.0;26708000.0;;24794678000.0;2666323000.0;220000000.0;5007746000.0;576803000.0;661463000.0;-1401533500.0;1017546500.0;540878000.0;;953154000.0;32196279000.0;950030000.0;;;125626000.0;323118000.0;-119338000.0;-120432000.0;;179910000.0;768518000.0;1484500.0;1377000.0;17526500.0;41126500.0;1703333500.0;165249000.0;9300000.0;355108500.0;18780500.0;34190103000.0;20736198000.0;1993824000.0;841085878.9419098;-10041000.0;22604000.0;179045721.97105977;9711207000.0;2885744000.0;27884000.0;7839309153.324532;12493848000.0;157297000.0;23098000.0;357664000.0
2011-12-31;2108179000.0;1396570000.0;14344722500.0;400949500.0;2279517500.0;;34950000.0;12200000.0;573753500.0;7354750.0;36381500.0;9644500.0;-22529750.0;190750.0;537372000.0;25175107000.0;3388697500.0;854750000.0;42046500.0;96911000.0;44546000.0;52365000.0;840396000.0;-21388500.0;-448351705.25182754;202695500.0;386080000.0;2091296500.0;5150000000.0;5730000000.0;-50931197.983239144;90433500.0;1460522058.7979145;0.0;131239500.0;3924325000.0;700213500.0;408195000.0;78000000.0;-11139527.850544602;12893500.0;-1149010907.7783866;55887815.70870323;2173500.0;45638000.0;-70161714.5194664;137468000.0;79264500.0;108289000.0;1429000000.0;347460967.7419355;65421250.0;26303000.0;218843000.0;16064750.0;-9277250.0;-86294000.0;-1639000.0;-95924750.0;13000000.0;51227500.0;30106000.0;;25175107000.0;2719335000.0;251096500.0;5009134500.0;472043500.0;317289000.0;-1388426750.0;1047575750.0;523752903.2258065;;1131744500.0;33644312500.0;921254838.7096775;;;146300000.0;351390000.0;-46406500.0;-46363500.0;;172505000.0;779467000.0;965250.0;6004000.0;18799250.0;42188250.0;1791073250.0;167976500.0;10100000.0;402609250.0;19489250.0;35779742000.0;21435019500.0;2135429500.0;872562692.6803124;-5078500.0;11302000.0;180476691.79141447;9889374000.0;2944849032.2580647;28111000.0;8125703232.566572;12742845500.0;140344000.0;29691000.0;245936000.0
2012-03-31;2289903000.0;1543491000.0;15235540000.0;429451000.0;2328435000.0;;28300000.0;10900000.0;583444000.0;7751000.0;42457000.0;10873000.0;-25347000.0;5000.0;540987000.0;25555536000.0;3042033000.0;880000000.0;51164000.0;113233000.0;45060000.0;68173000.0;294064000.0;-321662000.0;-702719225.333688;202700000.0;351714000.0;2246879000.0;5040000000.0;5644000000.0;-57165248.523482114;110148000.0;1788326802.9411392;40322333.333333336;122833000.0;3990407000.0;748743000.0;451399000.0;78000000.0;-1131273.4200124312;25787000.0;-1302850067.5272052;48757040.077949785;2938000.0;42807000.0;-84678487.21288678;67468000.0;76269000.0;133147000.0;560189000.0;336578935.483871;83955000.0;24593000.0;236625000.0;-5163000.0;10208000.0;-108840000.0;-5059000.0;-89948000.0;12000000.0;50269000.0;33504000.0;;25555536000.0;2772347000.0;282193000.0;5010523000.0;367284000.0;-26885000.0;-1375320000.0;1077605000.0;506627806.4516129;;1310335000.0;35092346000.0;892479677.4193548;;;166974000.0;379662000.0;26525000.0;27705000.0;;165100000.0;790416000.0;446000.0;10631000.0;20072000.0;43250000.0;1878813000.0;170704000.0;10900000.0;450110000.0;20198000.0;37369381000.0;22133841000.0;2277035000.0;904039506.4187149;-116000.0;0.0;181907661.61176917;10067541000.0;3003954064.516129;28338000.0;8412097254.918478;12991843000.0;123391000.0;36284000.0;134208000.0
2012-06-30;2235637000.0;1375092000.0;15248594000.0;400086000.0;2374122000.0;;27100000.0;10500000.0;583460000.0;8228250.0;28496000.0;11302750.0;-12802500.0;20500.0;554964000.0;25998577000.0;2948058000.0;862250000.0;51322250.0;89019000.0;26002000.0;63017000.0;280374000.0;-183346750.0;-839767865.4832206;202702000.0;366413000.0;2216980000.0;5040000000.0;5735000000.0;-63300948.495307714;132805750.0;2048691864.836956;80644666.66666667;121059000.0;4160306000.0;808765000.0;421135000.0;100000000.0;2708041.583791159;22867250.0;-1378875672.1347947;45802000.0;3484750.0;48149000.0;-87381161.78783226;113290000.0;75727000.0;54217000.0;560189000.0;325696903.2258065;76576250.0;28448000.0;223985000.0;-1621250.0;3891500.0;-93428250.0;-17027500.0;-126650250.0;11500000.0;50775000.0;38767500.0;;25998577000.0;2679940000.0;313289500.0;5011893000.0;359421000.0;-29844250.0;-1321424750.0;1164437500.0;489502709.67741936;;1376250000.0;35562446000.0;863704516.1290323;;;222749000.0;360805000.0;-28689000.0;-29365000.0;;135580000.0;791297000.0;2401500.0;4675000.0;17810000.0;43992500.0;1810140500.0;151078250.0;10775000.0;457441500.0;17149500.0;37938308000.0;22689714000.0;2375862000.0;918906857.5948168;-87000.0;11081000.0;183338631.43212387;10417405000.0;3063059096.774194;28862500.0;8535166606.084452;13355141000.0;142223000.0;39174000.0;188449000.0
2012-09-30;2151093000.0;1579841000.0;15944233000.0;451399000.0;2459531000.0;;45900000.0;16500000.0;618817000.0;8705500.0;27615000.0;11732500.0;-258000.0;36000.0;591202000.0;28032491000.0;4000162000.0;844500000.0;51480500.0;67710000.0;27060000.0;40650000.0;1112623000.0;-45031500.0;63130005.71501744;202713000.0;406804000.0;2349108000.0;6290000000.0;7048000000.0;-65351644.88068619;155463500.0;2509523133.7322865;120967000.0;2793000.0;4513188000.0;825851000.0;248698000.0;66666666.66666667;4905269.945087679;19947500.0;-1426634021.5202851;45802000.0;4031500.0;45953000.0;-93232450.84935635;67376000.0;92870000.0;62875000.0;560189000.0;314814870.96774197;69197500.0;54049000.0;211345000.0;1920500.0;-2425000.0;-78016500.0;-28996000.0;-163352500.0;11000000.0;53154000.0;44031000.0;;28032491000.0;2578383000.0;344386000.0;6305277000.0;426728000.0;-32803500.0;-1267529500.0;1251270000.0;472377612.9032258;;1512168000.0;37021216000.0;834929354.8387097;;;226104000.0;345879000.0;50426000.0;51313000.0;;210153000.0;842173000.0;4357000.0;7596000.0;15548000.0;44735000.0;1741468000.0;131452500.0;10650000.0;464773000.0;14101000.0;39630683000.0;23686450000.0;2609467000.0;966031469.577032;-58000.0;1924000.0;184769601.25247854;10726811000.0;3122164129.032258;29387000.0;9298783078.085333;13793470000.0;168691000.0;46984000.0;4671000.0
2012-12-31;2204662500.0;1735521500.0;16925452000.0;439615500.0;2499554500.0;;38150000.0;13450000.0;638524000.0;9182750.0;23400500.0;12162250.0;12286500.0;51500.0;615123500.0;28132552000.0;4040590000.0;826750000.0;51638750.0;82730500.0;27089000.0;55641500.0;1110328500.0;93283750.0;1080684554.6709962;202718500.0;444733000.0;2436274000.0;6290000000.0;7014000000.0;-62692286.12960932;178121250.0;2570159966.9059544;111501000.0;2478500.0;4572436500.0;836119500.0;140704500.0;33333333.333333336;1226294.5645824447;17027750.0;-1448489321.544797;45802000.0;4578250.0;45084500.0;-92049050.48143746;115804500.0;85427500.0;58211500.0;660604000.0;149462382.32685214;61818750.0;39242000.0;198705000.0;5462250.0;-8741500.0;-62604750.0;-40964500.0;-200054750.0;10500000.0;57537500.0;49294500.0;;28132552000.0;2826537000.0;;6105597000.0;418803500.0;-35762750.0;-1213634250.0;1338102500.0;455545288.3075888;;1647000500.0;38048128000.0;463519674.0600394;;;225613500.0;279752000.0;18081000.0;19625000.0;;199055500.0;853092000.0;6312500.0;-1269000.0;13286000.0;45477500.0;1672795500.0;111826750.0;10525000.0;472104500.0;11052500.0;40737662000.0;23812210000.0;2689534000.0;984738523.9790422;-29000.0;2943000.0;193309185.65868124;10673118500.0;2456402059.7976737;29911500.0;9432247079.426401;13774889500.0;161915500.0;40117500.0;-50142500.0
2013-03-31;2258232000.0;1891202000.0;17906671000.0;427832000.0;2539578000.0;;30400000.0;10400000.0;658231000.0;9660000.0;19186000.0;12592000.0;24831000.0;67000.0;639045000.0;28232613000.0;4081018000.0;809000000.0;51797000.0;97751000.0;27118000.0;70633000.0;1108034000.0;231599000.0;433136051.194559;202724000.0;482662000.0;2523440000.0;6290000000.0;6980000000.0;-59739147.18001661;200779000.0;2630796800.079624;102035000.0;2164000.0;4631685000.0;846388000.0;32711000.0;0.0;2000000.0;14108000.0;-1470344621.5693088;47452333.333333336;5125000.0;44216000.0;-90865650.11351858;164233000.0;77985000.0;53548000.0;761019000.0;171353899.23169738;54440000.0;24435000.0;186065000.0;9004000.0;-15058000.0;-47193000.0;-52933000.0;-236757000.0;10000000.0;61921000.0;54558000.0;;28232613000.0;3074691000.0;406579000.0;5905917000.0;410879000.0;-38722000.0;-1159739000.0;1424935000.0;519589704.2750069;;1781833000.0;39075040000.0;282749626.5691775;;;225123000.0;213625000.0;-14264000.0;-12063000.0;;187958000.0;864011000.0;8268000.0;-10134000.0;11024000.0;46220000.0;1604123000.0;92201000.0;10400000.0;479436000.0;8004000.0;41844641000.0;23937970000.0;2769601000.0;1003459313.3676997;0.0;3962000.0;170976379.09908718;10619426000.0;2492431811.0919347;30436000.0;9616611851.253635;13756309000.0;155140000.0;33251000.0;-104956000.0
2013-06-30;2201940000.0;1808954000.0;18529163000.0;408257000.0;2576441000.0;;27300000.0;10400000.0;666189000.0;10682750.0;16949000.0;18807250.0;16910750.0;50250.0;649240000.0;29077152000.0;4240840000.0;823500000.0;42880250.0;32379000.0;26700137.931034483;68818068.96551724;1228016000.0;260950000.0;426155908.131252;202726000.0;640117000.0;2748141000.0;6290000000.0;6729000000.0;-63057362.52644059;208786250.0;2930047051.0220585;157012000.0;4310000.0;4970705000.0;910531000.0;105667000.0;5000000.0;2000000.0;5482000.0;-1180006900.7373855;49102666.666666664;2569750.0;47323000.0;-79214706.6264572;13153000.0;80607000.0;37967000.0;1035230000.0;231134756.09565708;46169750.0;23450000.0;230001250.0;41703250.0;5943500.0;-32260750.0;-46992000.0;-141488500.0;11000000.0;61647000.0;54305250.0;;29077152000.0;3020303000.0;406579000.0;5906210000.0;462602000.0;-51545000.0;-1325694250.0;1635619500.0;710096430.4087331;;2012999000.0;40262580000.0;162663301.5501128;;;260341000.0;255924000.0;-19314000.0;-19575000.0;;189770000.0;795308000.0;4840500.0;4833000.0;15492250.0;47610000.0;1637249750.0;110642250.0;10225000.0;364533250.0;6249250.0;43109551000.0;24580388000.0;2846971000.0;1033013982.0335035;0.0;35750000.0;141782530.01240513;11228011000.0;2579870825.847996;31718250.0;9969523479.264772;14384626000.0;161608000.0;30809000.0;191490000.0
2013-09-30;2247714000.0;1849517000.0;19242795000.0;425283000.0;2614898000.0;;45500000.0;19200000.0;707416000.0;11705500.0;14329000.0;25022500.0;8990500.0;33500.0;693087000.0;30147270000.0;4191967000.0;838000000.0;33963500.0;31356000.0;26282275.862068966;67003137.93103448;1318817000.0;290301000.0;288421209.3927671;202731000.0;479524000.0;2771627000.0;6290000000.0;6692000000.0;-73432313.72918853;216793500.0;3405655119.748186;127658000.0;0.0;5185083000.0;928800000.0;44484000.0;0.0;2000000.0;174648000.0;-954793096.8925782;50753000.0;14500.0;39429000.0;-63937192.57484768;8183000.0;98654000.0;85917000.0;721555000.0;162750335.78865787;37899500.0;42296000.0;273937500.0;74402500.0;26945000.0;-17328500.0;-41051000.0;-46220000.0;12000000.0;59382000.0;54052500.0;;30147270000.0;3347333000.0;406579000.0;5906494000.0;396123000.0;-64368000.0;-1491649500.0;1846304000.0;496691988.1286391;;2337742000.0;41887901000.0;456048357.9276517;;;243191000.0;356112000.0;15106000.0;17026000.0;;267162000.0;846780000.0;1413000.0;11168000.0;19960500.0;49000000.0;1670376500.0;129083500.0;10050000.0;249630500.0;4494500.0;44841986000.0;25599191000.0;2954085000.0;1074576343.5383716;0.0;19548000.0;188446049.52466783;11639302000.0;2726210776.855857;33000500.0;10395005233.722778;14861580000.0;200477000.0;20634000.0;-293387000.0
2013-12-31;2447461500.0;1825591000.0;19848383000.0;414043000.0;2656352500.0;;40550000.0;15600000.0;753516000.0;12728250.0;25818500.0;31237750.0;1070250.0;16750.0;727697500.0;31144279000.0;4507221500.0;852500000.0;25046750.0;28348500.0;25864413.79310345;65188206.89655172;1493014500.0;319652000.0;253485380.2730751;204101000.0;563710500.0;2885509500.0;6090000000.0;6473000000.0;-78117516.5102911;224800750.0;3725119511.551811;278676500.0;611000.0;5535938500.0;937645500.0;22242000.0;0.0;27666666.666666668;200842000.0;-686417561.3441199;50795000.0;-2540750.0;43743500.0;-45310303.87082946;9840500.0;90758000.0;99639000.0;876172000.0;196458453.79170975;29629250.0;21243500.0;317873750.0;107101750.0;47946500.0;-2396250.0;-35110000.0;49048500.0;13000000.0;54767000.0;53799750.0;;31144279000.0;3371487500.0;206579000.0;5904723000.0;476408000.0;-77191000.0;-1657604750.0;2056988500.0;602519642.1287191;;2367422000.0;43105954500.0;355926148.41151893;;;265742500.0;338243500.0;1088000.0;1997500.0;;221652000.0;884683000.0;-2014500.0;3915000.0;24428750.0;50390000.0;1703503250.0;147524750.0;9875000.0;134727750.0;2739750.0;46147197000.0;26298814000.0;3041242500.0;1106889734.3857076;0.0;13948000.0;169225285.08513552;12200098500.0;2831654810.8416038;34282750.0;10784492256.689753;15447447000.0;235692500.0;27148000.0;-224561500.0
2014-03-31;2647209000.0;1801665000.0;20453971000.0;402803000.0;2697807000.0;;35600000.0;12000000.0;799616000.0;13751000.0;37308000.0;37453000.0;-6850000.0;0.0;762308000.0;32141288000.0;4822476000.0;867000000.0;16130000.0;25341000.0;25446551.724137932;63373275.862068966;1667212000.0;349003000.0;218549551.1533823;205471000.0;647897000.0;2999392000.0;5890000000.0;6254000000.0;-82802719.29139373;232808000.0;4044583903.3554363;429695000.0;1222000.0;5886794000.0;946491000.0;0.0;0.0;53333333.333333336;227036000.0;-418042025.79566157;67768000.0;-5096000.0;48058000.0;-26683415.166811213;11498000.0;82862000.0;113361000.0;1030789000.0;230166571.79476163;21359000.0;191000.0;361810000.0;139801000.0;68948000.0;12536000.0;-29169000.0;144317000.0;14000000.0;50152000.0;53547000.0;;32141288000.0;3395642000.0;6579000.0;5902952000.0;556693000.0;-90014000.0;-1823560000.0;2267673000.0;708347296.128799;;2397102000.0;44324008000.0;255803938.8953883;;;288294000.0;320375000.0;-12930000.0;-13031000.0;;176142000.0;922586000.0;-5442000.0;-3338000.0;28897000.0;51780000.0;1736630000.0;165966000.0;9700000.0;19825000.0;985000.0;47452408000.0;26998437000.0;3128400000.0;1139203125.233044;0.0;8348000.0;150004520.6456034;12760895000.0;2937098844.8273516;35565000.0;11173979279.656721;16033314000.0;270908000.0;33662000.0;-155736000.0
2014-06-30;2661473000.0;1902248000.0;21449581000.0;426588000.0;2728482000.0;;29500000.0;11700000.0;830950000.0;12273250.0;28498000.0;30910000.0;-6841500.0;720000.0;802452000.0;33302434000.0;4724745000.0;843000000.0;15338250.0;31562000.0;;;1230140000.0;271803750.0;-243669347.52124834;205482000.0;730138000.0;3042826000.0;5890000000.0;6323000000.0;-92947351.56565309;150295750.0;4558586661.109522;485507000.0;1833000.0;6162010000.0;996602000.0;0.0;0.0;79000000.0;338318000.0;-533142400.5844791;67865000.0;-5994750.0;42208000.0;-35057472.85545041;3856000.0;90932000.0;39035000.0;1100813000.0;245432533.8496825;19216000.0;24527000.0;101888750.0;105377000.0;67254000.0;-5392000.0;-29840500.0;19962750.0;13500000.0;51867000.0;54191250.0;;33302434000.0;3537487000.0;6579000.0;5903099000.0;509091000.0;155632500.0;-1818725500.0;1940891500.0;779629650.4559304;;2618975000.0;46270734000.0;487972794.6751769;;;415215000.0;382258000.0;24378000.0;23785000.0;;234683000.0;991450000.0;-7198750.0;7950000.0;25537500.0;61750250.0;1659655750.0;153691000.0;9625000.0;15148250.0;1734750.0;49645012000.0;28195431000.0;3374278000.0;1188768040.2540805;-2601750.0;5558000.0;164975611.67693454;13398901000.0;3143232817.6227875;34936750.0;11759140850.748934;16708388000.0;228569000.0;51065000.0;-229270000.0
2014-09-30;2775342000.0;2009091000.0;22267642000.0;387725000.0;2785716000.0;;38500000.0;21200000.0;907355000.0;10795500.0;12528000.0;24367000.0;-6833000.0;1440000.0;894827000.0;34500883000.0;4884716000.0;819000000.0;14546500.0;37842000.0;;;1481145000.0;194604500.0;-262652647.95290136;205488000.0;1064755000.0;3332454000.0;5890000000.0;6243000000.0;-98863526.32885244;67783500.0;4988613730.29598;238258000.0;2444000.0;6414546000.0;1040018000.0;132931000.0;10000000.0;0.0;0.0;-259946501.97652793;91094000.0;-6893500.0;48955000.0;-13048808.091991728;60346000.0;96931000.0;55542000.0;1715120000.0;382590174.09499943;17073000.0;17978000.0;-158032500.0;70953000.0;65560000.0;-23320000.0;-30512000.0;-104391500.0;13000000.0;49704000.0;54835500.0;;34500883000.0;3378746000.0;6579000.0;5903232000.0;443108000.0;401279000.0;-1813891000.0;1614110000.0;1212819807.0226839;;2671502000.0;47912930000.0;134264202.86278918;;;332414000.0;399334000.0;-38886000.0;-38863000.0;;245339000.0;1084461000.0;-8955500.0;-21338000.0;22178000.0;71720500.0;1582681500.0;141416000.0;9550000.0;10471500.0;2484500.0;51484475000.0;29216833000.0;3571545000.0;1232447275.4178858;-5203500.0;16359000.0;228312000.0;14410707000.0;3284530254.998311;34308500.0;12386912048.306486;17719898000.0;257948000.0;69738000.0;469125000.0
2014-12-31;2478691500.0;1637836500.0;22061537500.0;175645500.0;2802365500.0;;35800000.0;16400000.0;835154500.0;9317750.0;10904000.0;17824000.0;-6824500.0;2160000.0;824250500.0;34596668500.0;4839042000.0;795000000.0;13754750.0;28825500.0;;;1804282000.0;117405250.0;49840085.56296337;205490000.0;440814500.0;2911993500.0;6390000000.0;6806500000.0;-100120056.49372736;-14728750.0;5057404469.686602;128480500.0;32326500.0;6594496000.0;976403000.0;231378000.0;67500000.0;0.0;187857.14285714287;-177304604.29048637;91594000.0;-7792250.0;44202000.0;-8974381.160906754;30976500.0;90614000.0;62489000.0;739394500.0;161379077.57139793;14930000.0;39549000.0;-417953750.0;36529000.0;63866000.0;-41248000.0;-31183500.0;-228745750.0;12500000.0;51524500.0;55479750.0;;34596668500.0;3236749000.0;256579000.0;6148461000.0;365445000.0;646925500.0;-1809056500.0;1287328500.0;513848804.3530978;;1965873000.0;47820437000.0;-20733282.00596589;;;278963500.0;288349500.0;-26026500.0;-26120500.0;;188126500.0;1021764500.0;-10712250.0;-15664500.0;18818500.0;81690750.0;1505707250.0;129141000.0;9475000.0;5794750.0;3234250.0;51530814500.0;29469277000.0;3710377500.0;1232991640.512455;-7805250.0;15514500.0;228312000.0;14456261500.0;3255765453.3959246;33680250.0;12337730595.014414;17595198000.0;189838500.0;44564500.0;272666500.0
2015-03-31;2182041000.0;1266582000.0;21855433000.0;-36434000.0;2819015000.0;;33100000.0;11600000.0;762954000.0;7840000.0;9280000.0;11281000.0;-6816000.0;2880000.0;753674000.0;34692454000.0;4793368000.0;771000000.0;12963000.0;19809000.0;;;2127419000.0;40206000.0;362332819.0788319;205492000.0;-183126000.0;2491533000.0;6890000000.0;7370000000.0;-101376586.65860221;-97241000.0;5126195209.077223;18703000.0;62209000.0;6774446000.0;912788000.0;329825000.0;125000000.0;0.0;375714.28571428574;-94662706.60444485;91280000.0;-8691000.0;39449000.0;-4899954.229821796;1607000.0;84297000.0;69436000.0;-236331000.0;-59832018.95220351;12787000.0;61120000.0;-677875000.0;2105000.0;62172000.0;-59176000.0;-31855000.0;-353100000.0;12000000.0;53345000.0;56124000.0;;34692454000.0;3094752000.0;506579000.0;6393690000.0;287782000.0;892572000.0;-1804222000.0;960547000.0;-185122198.31648844;;1260244000.0;47727944000.0;-175730766.87472093;;;225513000.0;177365000.0;-13167000.0;-13378000.0;;130914000.0;959068000.0;-12469000.0;-9991000.0;15459000.0;91661000.0;1428733000.0;116866000.0;9400000.0;1118000.0;3984000.0;51577154000.0;29721721000.0;3849210000.0;1233536005.6070242;-10407000.0;14670000.0;228312000.0;14501816000.0;3227000651.79354;33052000.0;12288549141.722338;17470498000.0;121729000.0;19391000.0;76208000.0
2015-06-30;1864483000.0;1304848000.0;22801124000.0;-28003000.0;2857588000.0;;28600000.0;11700000.0;795779000.0;7930500.0;10993000.0;10783000.0;-4326250.0;2097000.0;784786000.0;33884096000.0;3737718000.0;667500000.0;9903500.0;7366000.0;;;1367395000.0;17648250.0;-307119876.7170708;205496000.0;13699000.0;2430075000.0;6390000000.0;6655000000.0;-106519093.1790267;-122104750.0;5230421137.141222;39613000.0;0.0;6798629000.0;909227000.0;106821000.0;43000000.0;0.0;563571.4285714286;-98187979.53876388;91500000.0;-6250250.0;43755000.0;-5542150.329897176;-5564000.0;82324000.0;68519000.0;-11478000.0;6928246.22680977;-2512750.0;48448000.0;-580813000.0;2193750.0;32234500.0;-45368500.0;-21893250.0;-297924500.0;11285714.285714285;60484000.0;55140250.0;;33884096000.0;2277581000.0;6579000.0;6393885000.0;274038000.0;725945000.0;-1495354500.0;793308000.0;-7611520.342926271;;1452756000.0;48936092000.0;301991411.3809834;;;209431000.0;171200000.0;8404000.0;8431000.0;;150653000.0;986758000.0;-10712250.0;9380000.0;14762250.0;91788250.0;1208399500.0;94097500.0;9350000.0;2505250.0;3660000.0;52776302000.0;29975178000.0;3840210000.0;1242134789.651827;-7805250.0;-551000.0;209833000.0;14414926000.0;3161451600.502467;32884000.0;12216887457.367281;17427243000.0;164366000.0;22764000.0;-48493000.0
2015-09-30;1561574000.0;1123111000.0;29640793000.0;-34979000.0;2897439000.0;;40300000.0;20000000.0;783757000.0;8021000.0;11592000.0;10285000.0;-1836500.0;1314000.0;772165000.0;27277247000.0;2824958000.0;564000000.0;6844000.0;8512000.0;;;742689000.0;-4909500.0;1636215466.394383;205503000.0;-4082715000.0;8395385000.0;6390000000.0;6673000000.0;-13221346.232293904;-146968500.0;2633813089.316595;40619000.0;0.0;4581844000.0;722172000.0;71503000.0;30000000.0;0.0;751428.5714285715;4538357.830359012;91377000.0;-3809500.0;31344000.0;1795889.8885228718;-1185000.0;90959000.0;6307420000.0;-6274921000.0;-1407756255.136744;-17812500.0;53667000.0;-483751000.0;2282500.0;2297000.0;-31561000.0;-11931500.0;-242749000.0;10571428.57142857;60571000.0;54156500.0;;27277247000.0;2046961000.0;36279000.0;6393931000.0;281837000.0;559318000.0;-1186487000.0;626069000.0;-4581044596.325161;;1181092000.0;50025191000.0;-924523594.6098981;;;133117000.0;176957000.0;-7004000.0;-6976000.0;;182834000.0;970288000.0;-8955500.0;8607000.0;14065500.0;91915500.0;988066000.0;71329000.0;9300000.0;3892500.0;3336000.0;53916125000.0;24275332000.0;3890934000.0;1182763886.7952564;-5203500.0;198000.0;203594000.0;10247349000.0;2824590727.9702992;32716000.0;11913999279.150585;13284223000.0;174897000.0;31089000.0;29239000.0
2015-12-31;1371799500.0;951868000.0;30501501000.0;-33055000.0;2924650000.0;;36350000.0;16600000.0;804008500.0;8111500.0;9777500.0;9787000.0;653250.0;531000.0;794231000.0;26807835000.0;2595385000.0;460500000.0;3784500.0;9096000.0;;;705585000.0;-27467250.0;1877666473.6100466;205504500.0;-2276142000.0;5193937500.0;6690000000.0;6918000000.0;-7468889.918933719;-171832250.0;2515775518.1208553;108838000.0;0.0;4501032500.0;825531500.0;0.0;15000000.0;0.0;61419470.79346281;-130657789.60439205;91546000.0;-1368750.0;30586500.0;-15550000.0;3981000.0;95745000.0;3189518500.0;-3492944500.0;-771430498.742296;-33112250.0;46356000.0;-386689000.0;2371250.0;-27640500.0;-17753500.0;-1969750.0;-187573500.0;9857142.857142858;64480500.0;53172750.0;;26807835000.0;1797466500.0;21429000.0;6686480000.0;223670000.0;392691000.0;-877619500.0;458830000.0;-2560841484.3863297;;967401500.0;50592261500.0;-410725259.09561205;;;145362500.0;174067500.0;-2409500.0;-2384500.0;23000.0;178778000.0;978000500.0;-7198750.0;2085000.0;13368750.0;92042750.0;767732500.0;48560500.0;9250000.0;5279750.0;3012000.0;54539883500.0;24038382500.0;3947622000.0;1174680638.227928;-2601750.0;222000.0;197024000.0;9777906000.0;2545400147.6014743;32548000.0;11714723256.663128;12844855500.0;133987000.0;30150000.0;17337000.0
2016-03-31;1182025000.0;780625000.0;31362209000.0;-31131000.0;2951861000.0;;32400000.0;13200000.0;824260000.0;8202000.0;7963000.0;9289000.0;3143000.0;-252000.0;816297000.0;26338423000.0;2365812000.0;357000000.0;725000.0;9680000.0;;;668481000.0;-50025000.0;2119117480.8257074;205506000.0;-469569000.0;1992490000.0;6990000000.0;7163000000.0;-1716433.60557352;-196696000.0;2397737946.9251156;177057000.0;0.0;4420221000.0;928891000.0;4070000.0;0.0;0.0;61419470.79346281;-236039587.2093345;91569000.0;1072000.0;29829000.0;-15550000.0;9147000.0;100531000.0;71617000.0;-710968000.0;-135104742.34784812;-48412000.0;39045000.0;-289627000.0;2460000.0;-57578000.0;-3946000.0;7992000.0;-132398000.0;9142857.142857142;68390000.0;52189000.0;;26338423000.0;1547972000.0;6579000.0;6979029000.0;165503000.0;226064000.0;-568752000.0;291591000.0;-540638372.4474983;;753711000.0;51159332000.0;103073076.41866916;;;157608000.0;171178000.0;2185000.0;2207000.0;23000.0;174722000.0;985713000.0;-5442000.0;-4437000.0;12672000.0;92170000.0;547399000.0;25792000.0;9200000.0;6667000.0;2688000.0;55163642000.0;23801433000.0;4004310000.0;1166597389.6605995;0.0;246000.0;190454000.0;9308463000.0;2266209567.232647;32380000.0;11515447234.175667;12405488000.0;93077000.0;29211000.0;5435000.0
2016-06-30;1305651000.0;935592000.0;32143873000.0;-25264000.0;2982047000.0;;27100000.0;13000000.0;820910000.0;8309666.666666667;8349000.0;8665333.333333334;5827666.666666666;1047333.3333333333;812561000.0;25830538000.0;2450121000.0;376333333.3333333;1319333.3333333335;15643000.0;;;779722000.0;-51126333.333333336;2459895568.7768703;205510000.0;-286691000.0;2063913000.0;6990000000.0;7418000000.0;9064132.948953867;-130899333.33333334;2157238558.294039;46712000.0;15184904.261611937;4103777000.0;862491000.0;3127500.0;0.0;0.0;1315000.0;-274041479.9507077;91679000.0;597000.0;30559000.0;-15550000.0;-15550000.0;97705000.0;72714000.0;-380277000.0;-50751771.87924385;-4954666.666666664;4880000.0;-186276000.0;-11231000.0;-46630666.666666664;12261666.666666666;-11755666.666666668;-97828000.0;-5562800.602147557;71108000.0;60735333.333333336;;25830538000.0;1712261000.0;6579000.0;6979286000.0;155983000.0;112510000.0;-657977000.0;493743666.6666666;-313516460.0145991;;1059690000.0;51355620000.0;2091070.659957707;;;187389000.0;167538000.0;5844000.0;5867000.0;23000.0;168642000.0;978513000.0;-2610666.6666666665;-20996000.0;14657333.333333334;93682333.33333333;669008333.3333334;28640000.0;9466666.666666666;20048666.666666664;2577333.3333333335;55356752000.0;23212879000.0;4001132000.0;1162284373.4776347;0.0;-172000.0;179471000.0;8923666000.0;2201650020.1026745;31740000.0;11531234111.341616;12056701000.0;138395000.0;29258000.0;-44373000.0
2016-09-30;1296240000.0;920189000.0;31835196000.0;-25100000.0;2992887000.0;;37600000.0;18800000.0;789420000.0;8417333.333333334;10133000.0;8041666.666666667;8512333.333333332;2346666.6666666665;779287000.0;25554921000.0;2737764000.0;395666666.6666667;1913666.6666666667;0.0;;;1048727000.0;-52227666.666666664;2766958744.8819714;205514000.0;-189836000.0;2311984000.0;6990000000.0;7395000000.0;12801452.971691206;-65102666.66666667;1926691533.1500301;137098000.0;14874204.351524612;4068345000.0;899511000.0;2185000.0;0.0;0.0;4475500.0;1433737436.2957492;91842000.0;122000.0;25455000.0;108204000.0;108204000.0;94397000.0;177990000.0;-272250000.0;-44530448.66645965;38502666.66666667;178000.0;-82925000.0;-24922000.0;-35683333.33333333;28469333.333333332;-31503333.333333336;-63258000.0;-5552288.4398978315;70858000.0;69281666.66666667;336198000.0;25554921000.0;1732963000.0;6579000.0;6979538000.0;205293000.0;-1044000.0;-747202000.0;695896333.3333333;-229283435.11595064;;1137717000.0;50465979000.0;131986609.60591698;;;199720000.0;172772000.0;141000.0;164000.0;23000.0;195045000.0;975763000.0;220666.66666666698;-7912000.0;16642666.666666666;95194666.66666667;790617666.6666666;31488000.0;9733333.333333334;33430333.333333332;2466666.6666666665;54479581000.0;22644385000.0;4013602000.0;1144575302.5183733;0.0;10390000.0;200862000.0;8641704000.0;2133805452.7947001;31100000.0;11476454921.965225;11798312000.0;143257000.0;16693000.0;5117000.0
2017-03-31;1556875000.0;1187112000.0;28566869000.0;-18664000.0;5447291000.0;;30500000.0;11000000.0;922155000.0;8525000.0;19450000.0;7418000.0;11197000.0;3646000.0;902705000.0;29211974000.0;3394076000.0;415000000.0;2508000.0;2508000.0;;;1546566000.0;-53329000.0;2045612344.8389294;205776000.0;28863000.0;2502819000.0;6990000000.0;7161000000.0;-43217722.270676926;694000.0;3300176172.7857475;137098000.0;14530374.106197206;5023626000.0;816036000.0;1142000.0;0.0;0.0;7636000.0;-379716682.5689673;96155000.0;-353000.0;56894000.0;-16758000.0;-16758000.0;97238000.0;193187000.0;39382000.0;45037549.32728791;81960000.0;80503000.0;20426000.0;-38613000.0;-24736000.0;44677000.0;-51251000.0;-28688000.0;7000000.0;71515000.0;77828000.0;336198000.0;29211974000.0;2032007000.0;6579000.0;6980008000.0;230602000.0;-114598000.0;-836427000.0;898049000.0;4757149.782732457;;1430061000.0;50195608000.0;384433229.91515994;251943000.0;;264559000.0;195206000.0;309000.0;346000.0;37000.0;221052000.0;1248102000.0;3052000.0;3151000.0;18628000.0;96707000.0;912227000.0;34336000.0;10000000.0;46812000.0;2356000.0;54173329000.0;25606460000.0;3977721000.0;1193435449.6963863;0.0;0.0;178714000.0;8329951000.0;2564757407.633278;30460000.0;11782255951.445887;13928231000.0;143710000.0;36123000.0;62020000.0
2017-06-30;1615170000.0;1114454000.0;29277359000.0;-17490000.0;5485832000.0;0.0;27600000.0;11100000.0;927940000.0;8639333.333333334;33922000.0;8371666.666666667;7448000.0;2333666.666666667;894018000.0;29263617000.0;3383373000.0;474333333.3333333;2039333.3333333333;2995000.0;;;1649443000.0;-41597333.333333336;2169764431.4056478;205777000.0;24227000.0;2484564000.0;6990000000.0;7181000000.0;-41007158.00739373;57583333.333333336;3321615626.029005;137098000.0;15718451.003761895;5059520000.0;865384000.0;4746000.0;0.0;0.0;0.0;-107071000.0;96145000.0;-205333.33333333334;34711000.0;-8916000.0;-16758000.0;108507000.0;78934000.0;62467000.0;43744253.51807821;55824666.66666667;91256000.0;31501333.333333336;-18425333.333333332;19109000.0;32739000.0;-43852333.333333336;17426000.0;6333333.333333333;70413000.0;68586333.33333333;336198000.0;29263617000.0;2722254000.0;606454000.0;6380350000.0;224008000.0;-114386333.33333333;-1043093666.6666666;1116088000.0;13973783.874607533;;1445454000.0;50973760000.0;229270720.51460224;251943000.0;;187276000.0;283196000.0;1260000.0;1174000.0;-86000.0;249027000.0;1199778000.0;1363666.6666666667;4972000.0;18010666.666666668;96813333.33333333;1063188333.3333334;48257333.333333336;9966666.666666666;32151000.0;2055000.0;54857519000.0;25580160000.0;3883759000.0;1205534053.442942;169666.66666666666;27000.0;186356000.0;8256359000.0;2604234696.3866982;32135333.333333332;11831083387.102491;13901715000.0;155458000.0;28763000.0;9446000.0
2017-09-30;1635711000.0;1243535000.0;29926547000.0;-17160000.0;5513631000.0;0.0;43500000.0;20900000.0;930476000.0;8753666.666666666;23606000.0;9325333.333333334;3699000.0;1021333.3333333335;906870000.0;28805305000.0;2763963000.0;533666666.6666667;1570666.6666666665;0.0;;;846138000.0;-29865666.666666668;1439815092.8541603;205786000.0;100871000.0;2430008000.0;6390000000.0;6620000000.0;-43622764.28002007;114472666.66666667;3413678148.0605984;;15240780.797166103;5107477000.0;846222000.0;3297000.0;0.0;0.0;2827000.0;-107071000.0;96349000.0;-57666.666666666686;30796000.0;-8202000.0;-16758000.0;111717000.0;53677000.0;145980000.0;65061640.806063786;29689333.333333336;126881000.0;42576666.66666667;1762333.3333333358;62954000.0;20801000.0;-36453666.666666664;63540000.0;5666666.666666667;69082000.0;59344666.66666667;344016000.0;28805305000.0;2180024000.0;6579000.0;6380427000.0;220402000.0;-114174666.66666667;-1249760333.3333333;1334127000.0;80884190.9714267;;1451410000.0;51716999000.0;423969744.61792564;251943000.0;;200096000.0;299347000.0;355000.0;330000.0;-25000.0;258281000.0;1215113000.0;-324666.6666666665;226000.0;17393333.333333332;96919666.66666667;1214149666.6666667;62178666.66666667;9933333.333333334;17490000.0;1754000.0;55651136000.0;25724589000.0;3934137000.0;1212307203.1121395;339333.3333333333;50000.0;183565000.0;8259971000.0;2611163276.442466;33810666.666666664;11796107911.178339;13922264000.0;180277000.0;39964000.0;-6606000.0
2018-03-31;1915651000.0;1428000000.0;31561571000.0;-14289000.0;5569194000.0;0.0;35486000.0;12000000.0;965999000.0;8868000.0;19177000.0;10279000.0;-50000.0;-291000.0;946822000.0;30740517000.0;3585097000.0;593000000.0;1102000.0;2760000.0;;32639419.211887687;816094000.0;-18134000.0;1403980443.2180412;205793000.0;643597000.0;2806574000.0;6390000000.0;6470000000.0;-31159562.90427424;171362000.0;3778304325.8643646;;14404775.521854214;3689578000.0;748591000.0;761000.0;0.0;0.0;84128000.0;-107071000.0;106521000.0;90000.0;34836000.0;-14969000.0;32560153.56770388;94698000.0;64609000.0;813359000.0;222009986.35291716;3554000.0;262789000.0;53652000.0;21950000.0;106799000.0;8863000.0;-29055000.0;109654000.0;5000000.0;61956000.0;50103000.0;584729000.0;30740517000.0;2836758000.0;363155000.0;6071604000.0;299766000.0;-113963000.0;-1456427000.0;1552166000.0;609756752.3103652;;2101308000.0;53854438000.0;1266321356.6790037;300064000.0;;218624000.0;761590000.0;5002000.0;5008000.0;6000.0;187657000.0;1301938000.0;-2013000.0;727000.0;16776000.0;97026000.0;1365111000.0;76100000.0;9900000.0;2829000.0;1453000.0;57937219000.0;26375648000.0;4082781000.0;1702100000.0;509000.0;0.0;176957000.0;11125051000.0;2825242412.267935;35486000.0;13344532081.099806;16840639000.0;179646000.0;45110000.0;-59771000.0
2018-06-30;2336952000.0;1608000000.0;32306734000.0;-17512000.0;5591643000.0;0.0;31804000.0;12000000.0;981406000.0;9309666.666666666;18892000.0;11972666.666666666;8203000.0;-3428666.6666666665;962514000.0;32092380000.0;4231852000.0;630666666.6666666;3882666.6666666665;0.0;;21265788.38614668;1008215000.0;-152030666.6666667;1497216862.478894;205796000.0;693508000.0;3273146000.0;6390000000.0;6419000000.0;-34216394.0992576;149682666.66666666;4115458244.025032;;14760473.349954186;3865804000.0;848674000.0;1840000.0;0.0;0.0;195457000.0;-107126000.0;106569000.0;58000.0;47478000.0;-6317000.0;27318451.598747727;104083000.0;51708000.0;892936000.0;239333803.88985437;-733000.0;364119000.0;100462000.0;52966000.0;77525666.66666667;8220333.333333333;-37400666.666666664;176101333.33333334;5666666.666666667;63444000.0;49325666.666666664;670994000.0;32092380000.0;4297301000.0;1262540000.0;5172257000.0;300845000.0;-121502333.33333333;-1601286666.6666667;1570700333.3333333;667793321.8369387;;2377528000.0;55319050000.0;1263331063.7290268;314604000.0;396294000.0;278694000.0;689666000.0;-3229000.0;-3223000.0;6000.0;182322000.0;1304624000.0;-2326000.0;-8551000.0;13266666.666666666;107199333.33333333;1556565000.0;71054333.33333333;10600000.0;6902333.333333334;1103000.0;59460529000.0;27153795000.0;4141479000.0;1907990000.0;339333.3333333334;4902000.0;177797000.0;11714656000.0;3061948169.401945;36686333.333333336;13863025490.417019;17452394000.0;213461000.0;42189000.0;-185883000.0
2018-09-30;2435773000.0;1812000000.0;33043454000.0;-19458000.0;5626259000.0;0.0;49001000.0;12000000.0;980944000.0;9751333.333333334;18209000.0;13666333.333333334;16456000.0;-6566333.333333333;962735000.0;33637736000.0;4817092000.0;668333333.3333334;6663333.333333333;2885000.0;;7827955.981574878;1274132000.0;-285927333.3333334;1566981279.3914688;205803000.0;1189006000.0;3274937000.0;6390000000.0;6400000000.0;-36152162.45164861;128003333.33333334;4482550398.248255;;14671136.824082924;4199921000.0;918180000.0;1569000.0;0.0;0.0;132618000.0;-127504000.0;126829000.0;26000.0;32823000.0;-5076500.0;26566910.76512657;111284000.0;44617000.0;1446363000.0;349233551.7815631;-5020000.0;320938000.0;147272000.0;83982000.0;48252333.333333336;7577666.666666667;-45746333.333333336;242548666.6666667;6333333.333333333;63632000.0;48548333.333333336;766964000.0;33637736000.0;4425147000.0;1262874000.0;5171949000.0;300845000.0;-129041666.66666667;-1746146333.3333333;1589234666.6666667;1119721449.6118674;;2377528000.0;56799237000.0;2186327046.920327;321568000.0;396294000.0;302242000.0;856023000.0;-1952000.0;-1946000.0;6000.0;217819000.0;1302249000.0;-2639000.0;3308000.0;9757333.333333332;117372666.66666667;1748019000.0;66008666.666666664;11300000.0;10975666.666666668;753000.0;60991195000.0;27947741000.0;4191958000.0;2151247000.0;169666.6666666667;358000.0;196027000.0;12778104000.0;3183338371.3593903;37886666.666666664;14518737111.122074;18538470000.0;249234000.0;52238000.0;-103231500.0
2019-03-31;2452337000.0;1832300000.0;33840631000.0;-2869000.0;5695197000.0;0.0;39087000.0;;945629000.0;10193000.0;26182000.0;15360000.0;24709000.0;-9704000.0;919447000.0;35663535000.0;4907885000.0;706000000.0;9444000.0;13565000.0;;4944857.402594566;1135810000.0;-419824000.0;961229798.5396788;205807000.0;633648000.0;3182112000.0;6040000000.0;6168000000.0;-47002641.860713646;106324000.0;5083050839.916891;;15442529.70429973;4520172000.0;879595000.0;3909000.0;0.0;0.0;746000.0;-127613000.0;126979000.0;-6000.0;36324000.0;-3836000.0;25815369.931505434;106672000.0;72356000.0;827236000.0;225527634.7909875;-9307000.0;440217000.0;194082000.0;114998000.0;18979000.0;6935000.0;-54092000.0;308996000.0;7000000.0;54906000.0;47771000.0;860764000.0;35663535000.0;4301268000.0;914861000.0;5166050000.0;300845000.0;-136581000.0;-1891006000.0;1607769000.0;614733808.2482505;;2377528000.0;58691746000.0;1149492333.3742528;336291000.0;396294000.0;263747000.0;1625423000.0;-1784000.0;-1778000.0;6000.0;170527000.0;1772248000.0;-2952000.0;5612000.0;6248000.0;127546000.0;1939473000.0;60963000.0;12000000.0;15049000.0;403000.0;62969634000.0;29129003000.0;4277888000.0;2203438000.0;0.0;94000.0;176522000.0;14050676000.0;3455720586.489543;39087000.0;15332700202.38778;19903797000.0;239524000.0;45014000.0;-20580000.0
2019-06-30;2387403000.0;1852600000.0;34818395000.0;-4528000.0;5729318000.0;0.0;38566000.0;;997965000.0;10394750.0;27416000.0;15270000.0;24531750.0;-7278000.0;970549000.0;35751501000.0;4495521000.0;690000000.0;13350000.0;17378000.0;;16075150.31106235;1160485000.0;-95118000.0;497783549.45890045;205809000.0;846182000.0;3566859000.0;5140000000.0;5387000000.0;2363000.0;90993000.0;5046101000.0;;58641190.306594886;4738409000.0;957304000.0;134951000.0;4000000.0;0.0;559500.0;166908000.0;165999000.0;-4500.0;32522000.0;1123000.0;22811024.108105805;121780000.0;112130000.0;1089366000.0;287024066.41736543;-3230250.0;121364000.0;254061500.0;72498500.0;-11515750.0;-9298750.0;-57069000.0;51247000.0;7500000.0;49908000.0;47578250.0;853128000.0;35751501000.0;4414057000.0;1013876000.0;4165284000.0;271832971.4463028;-146185750.0;-1801004500.0;1852076750.0;818468333.2701789;;;60214151000.0;1500595521.0474086;347281000.0;396547000.0;223640000.0;1530060000.0;-1665000.0;-1659000.0;6000.0;181395000.0;1803475000.0;36000.0;8503000.0;5936000.0;137409500.0;1846104750.0;76472250.0;11250000.0;17786750.0;318750.0;64542826000.0;29724431000.0;4328675000.0;2001953000.0;544500.0;3769000.0;174101000.0;14731609000.0;3488024246.8040085;39315250.0;15523673380.383732;20630276000.0;268837000.0;31932000.0;286008250.0
2019-09-30;2395080000.0;1872900000.0;35810197000.0;-3689000.0;5769073000.0;0.0;54670000.0;;1083148000.0;10596500.0;27055000.0;15180000.0;24354500.0;-4852000.0;1056093000.0;36542269000.0;4819731000.0;674000000.0;17256000.0;24331000.0;;20160630.980251387;1583105000.0;229588000.0;810017624.3115106;205821000.0;615961000.0;3475496000.0;5140000000.0;5453000000.0;2363000.0;75662000.0;5046101000.0;;54578521.13745304;4922804000.0;953597000.0;122627000.0;2000000.0;0.0;373000.0;167350000.0;166215000.0;-3000.0;34540000.0;6082000.0;19806678.28470618;135758000.0;105275000.0;797457000.0;199266195.78342912;2846500.0;135680000.0;314041000.0;29999000.0;-42010500.0;-25532500.0;-60046000.0;-206502000.0;8000000.0;39620000.0;47385500.0;778120000.0;36542269000.0;4473713000.0;1014200000.0;4163115000.0;218381318.57793522;-155790500.0;-1711003000.0;2096384500.0;588097620.543057;;;61620033000.0;1100507826.5906372;348883000.0;384348000.0;272203000.0;1516218000.0;833000.0;839000.0;6000.0;211096000.0;1858357000.0;3024000.0;9118000.0;5624000.0;147273000.0;1752736500.0;91981500.0;10500000.0;20524500.0;234500.0;66014519000.0;30204322000.0;4394486000.0;1927996000.0;1089000.0;24138000.0;199365000.0;15179381000.0;3541754574.0327816;39543500.0;15926716587.007973;21124280000.0;302774000.0;26306000.0;592596500.0
2019-12-31;2643700000.0;1893200000.0;37405666000.0;-3497000.0;5810947000.0;0.0;47335000.0;;1098074000.0;10798250.0;32527500.0;15090000.0;24177250.0;-2426000.0;1065546500.0;37088176500.0;5655390000.0;658000000.0;21162000.0;34322000.0;;33373216.992613956;2028000000.0;554294000.0;2417000000.0;205822500.0;313980500.0;4067748000.0;5140000000.0;5299000000.0;2363000.0;60331000.0;5046101000.0;;188138440.41791415;4922804000.0;976798500.0;527777500.0;0.0;0.0;186500.0;193175000.0;191574000.0;-1500.0;37270000.0;11041000.0;16802332.46130655;124879000.0;839137500.0;414228500.0;108695188.51407361;8923250.0;222504000.0;374020500.0;-12500500.0;-72505250.0;-41766250.0;-63023000.0;-464251000.0;8500000.0;42310000.0;47192750.0;720259000.0;37088176500.0;4389362000.0;766608500.0;4433133500.0;169085621.74744576;-165395250.0;-1621001500.0;2340692250.0;291129597.925559;;;62833194000.0;644527708.487415;339441500.0;353357500.0;251054500.0;1481320500.0;1416500.0;1419500.0;3000.0;182615000.0;1961266000.0;6012000.0;13559000.0;5312000.0;157136500.0;1659368250.0;107490750.0;9750000.0;23262250.0;150250.0;67354854000.0;29949188000.0;4521660000.0;1688816500.0;1633500.0;12069000.0;203682500.0;15309761500.0;3578132728.6095057;39771750.0;16424347804.558178;21297640000.0;251507000.0;25556500.0;899184750.0
2020-03-31;2892320000.0;;39001135000.0;-3305000.0;5852821000.0;0.0;40000000.0;;1113000000.0;11000000.0;38000000.0;15000000.0;24000000.0;0.0;1075000000.0;37634084000.0;6491049000.0;642000000.0;25068000.0;44313000.0;;46585803.004976496;2907000000.0;879000000.0;2417000000.0;205824000.0;12000000.0;4660000000.0;5140000000.0;5145000000.0;2558000.0;45000000.0;5091071000.0;;321698359.6983752;4922804000.0;1000000000.0;932928000.0;762000000.0;0.0;0.0;219000000.0;216933000.0;0.0;40000000.0;16000000.0;13797986.637906918;114000000.0;1573000000.0;31000000.0;21000000.0;15000000.0;309328000.0;434000000.0;-55000000.0;-103000000.0;-58000000.0;-66000000.0;-722000000.0;9000000.0;45000000.0;47000000.0;662398000.0;37634084000.0;4305011000.0;519017000.0;4703152000.0;119789924.91695645;-175000000.0;-1531000000.0;2585000000.0;10000000.0;;;64046355000.0;58000000.0;330000000.0;322367000.0;229906000.0;1446423000.0;2000000.0;2000000.0;0.0;154134000.0;2064175000.0;9000000.0;18000000.0;5000000.0;167000000.0;1566000000.0;123000000.0;9000000.0;26000000.0;66000.0;68695189000.0;29694054000.0;4648834000.0;1449637000.0;2178000.0;0.0;208000000.0;15440142000.0;4718000000.0;40000000.0;16921110732.10199;21471000000.0;200240000.0;24807000.0;1205773000.0
2020-06-30;1281166000.0;;39838595000.0;-6130000.0;5886298000.0;0.0;40000000.0;;1146000000.0;11000000.0;39000000.0;14250000.0;19250000.0;500000.0;1107000000.0;35221671000.0;4597391000.0;590500000.0;21801000.0;68400000.0;;74553533.03241175;2416501000.0;674000000.0;2417000000.0;205824000.0;-912000000.0;2190000000.0;5640000000.0;6416000000.0;1846000.0;24750000.0;4837896000.0;;82398772.39696445;6683247792.675474;707000000.0;207019000.0;62000000.0;0.0;0.0;218000000.0;217004000.0;-500000.0;27000000.0;10500000.0;17130090.29362339;132000000.0;305000000.0;-1145000000.0;-235000000.0;16250000.0;196958000.0;368500000.0;19500000.0;-93250000.0;-17750000.0;-71750000.0;-464500000.0;8750000.0;54000000.0;47500000.0;676580000.0;35221671000.0;2154381000.0;21121000.0;5703141000.0;43407939.4676168;-378250000.0;-1353500000.0;2406250000.0;-910000000.0;;;64406245000.0;-1087000000.0;245000000.0;252642000.0;156979000.0;1388969000.0;-2000000.0;-2000000.0;0.0;188685000.0;2138696000.0;5000000.0;-4000000.0;6250000.0;180000000.0;1393250000.0;102750000.0;9750000.0;20750000.0;49500.0;69072060000.0;29233465000.0;4665815000.0;943354000.0;2383500.0;0.0;152000000.0;14312493000.0;1103000000.0;38750000.0;15340025827.235445;20388000000.0;193763000.0;10928000.0;1205773000.0
2020-09-30;1245029000.0;;39789537000.0;-7930000.0;5916213000.0;0.0;33000000.0;;1189000000.0;11000000.0;50000000.0;13500000.0;14500000.0;1000000.0;1139000000.0;35074018000.0;5095057000.0;539000000.0;18534000.0;54562000.0;;64002887.06286526;3065556000.0;469000000.0;3066000000.0;205837000.0;-45000000.0;2249000000.0;5640000000.0;6314000000.0;1916000.0;4500000.0;4804656000.0;;20225165.561643925;3945273018.371555;823000000.0;18417000.0;0.0;0.0;23486000.0;219000000.0;217334000.0;-1000000.0;38000000.0;5000000.0;20462193.949339855;125000000.0;79000000.0;-53000000.0;-11000000.0;17500000.0;3182000.0;303000000.0;94000000.0;-83500000.0;22500000.0;-77500000.0;-207000000.0;8500000.0;53000000.0;48000000.0;668541000.0;35074018000.0;3020042000.0;770831000.0;4949902000.0;-13767361.052467763;-581500000.0;-1176000000.0;2227500000.0;-42000000.0;;;64020452000.0;-3000000.0;227000000.0;255357000.0;205015000.0;1344039000.0;-3000000.0;-3000000.0;0.0;240760000.0;2151092000.0;1000000.0;3000000.0;7500000.0;193000000.0;1220500000.0;82500000.0;10500000.0;15500000.0;33000.0;68422543000.0;28633006000.0;4402091000.0;1134346000.0;2589000.0;13000000.0;180000000.0;14051197000.0;2246000000.0;37500000.0;16084020328.274372;20148000000.0;267245000.0;16991000.0;1205773000.0
2020-12-31;1595014500.0;;40679268500.0;-10965000.0;5947606500.0;0.0;34000000.0;;1213000000.0;11000000.0;49500000.0;12750000.0;9750000.0;1500000.0;1163500000.0;35622509000.0;5643028500.0;487500000.0;15267000.0;43781000.0;;42588376.964648664;3226778000.0;264000000.0;3227000000.0;205918500.0;315000000.0;2505500000.0;5265000000.0;5896000000.0;2958000.0;-15750000.0;4814828000.0;;17189536.784944586;-924069617.6350164;861500000.0;9208500.0;0.0;0.0;105743000.0;230000000.0;228167000.0;-1500000.0;35500000.0;-500000.0;23794297.605056316;117500000.0;61500000.0;414000000.0;96500000.0;18750000.0;1591000.0;237500000.0;168500000.0;-73750000.0;62750000.0;-83250000.0;50500000.0;8250000.0;50000000.0;48500000.0;615270500.0;35622509000.0;3166021000.0;404915500.0;5021951000.0;-67349819.8437655;-784750000.0;-998500000.0;2048750000.0;317500000.0;;;64832726000.0;464500000.0;248500000.0;262178500.0;309007500.0;1327019500.0;-2500000.0;-2500000.0;0.0;211880000.0;2164546000.0;-3000000.0;-500000.0;8750000.0;206000000.0;1047750000.0;62250000.0;11250000.0;10250000.0;16500.0;69328771500.0;28649503000.0;4496045500.0;1522000000.0;2794500.0;12000000.0;191000000.0;14328598500.0;2970000000.0;36250000.0;17906965881.9453;20302000000.0;358122500.0;15995500.0;1351780189.2582076
2021-03-31;1945000000.0;;41569000000.0;-14000000.0;5979000000.0;0.0;35000000.0;;1237000000.0;11000000.0;49000000.0;12000000.0;5000000.0;2000000.0;1188000000.0;36171000000.0;6191000000.0;436000000.0;12000000.0;33000000.0;15000000.0;18000000.0;3388000000.0;59000000.0;3388000000.0;206000000.0;675000000.0;2762000000.0;4890000000.0;5478000000.0;4000000.0;-36000000.0;4825000000.0;;14153908.008245245;-1585783434.7521322;900000000.0;0.0;0.0;19000000.0;188000000.0;241000000.0;239000000.0;-2000000.0;33000000.0;-6000000.0;27126401.260772787;110000000.0;44000000.0;881000000.0;204000000.0;20000000.0;0.0;172000000.0;243000000.0;-64000000.0;103000000.0;-89000000.0;308000000.0;8000000.0;47000000.0;49000000.0;562000000.0;36171000000.0;3312000000.0;39000000.0;5094000000.0;-120932278.63506335;-988000000.0;-821000000.0;1870000000.0;677000000.0;;;65645000000.0;932000000.0;270000000.0;269000000.0;413000000.0;1310000000.0;-2000000.0;-2000000.0;0.0;183000000.0;2178000000.0;-7000000.0;-4000000.0;10000000.0;219000000.0;875000000.0;42000000.0;12000000.0;5000000.0;0.0;70235000000.0;28666000000.0;4590000000.0;1828000000.0;3000000.0;11000000.0;202000000.0;14606000000.0;3694000000.0;35000000.0;18597749303.449192;20762000000.0;449000000.0;15000000.0;1465814209.7053065
2021-06-30;2012000000.0;2015000000.0;42275000000.0;-15000000.0;6017000000.0;0.0;31000000.0;;1227000000.0;11000000.0;47000000.0;14000000.0;36500000.0;2000000.0;1180000000.0;36885000000.0;6935000000.0;459000000.0;13000000.0;28000000.0;15000000.0;13000000.0;3880000000.0;59000000.0;3880000000.0;206000000.0;906000000.0;2968000000.0;4890000000.0;5654000000.0;3000000.0;-143250000.0;4730000000.0;;276565620.8867831;-8490121750.603407;914000000.0;0.0;0.0;107000000.0;396000000.0;824000000.0;820000000.0;-2000000.0;35000000.0;1750000.0;22431164.29135413;120000000.0;44000000.0;1124000000.0;217000000.0;26500000.0;11000000.0;161500000.0;335500000.0;-44500000.0;130500000.0;-629250000.0;450500000.0;8000000.0;45000000.0;44750000.0;516000000.0;36885000000.0;4002000000.0;39000000.0;5086000000.0;-828759127.054257;-1009000000.0;-854750000.0;1609500000.0;907000000.0;;;66299000000.0;1171000000.0;270000000.0;253000000.0;513000000.0;1288000000.0;-1000000.0;-1000000.0;0.0;196000000.0;2186000000.0;-6750000.0;-2000000.0;18250000.0;420000000.0;891000000.0;49000000.0;12000000.0;34000000.0;1000000.0;70934000000.0;28659000000.0;4635000000.0;1828000000.0;5250000.0;13000000.0;214000000.0;14689000000.0;4139000000.0;35000000.0;20881000000.0;20881000000.0;286000000.0;16000000.0;8072729151.076857
2021-09-30;1972000000.0;2154000000.0;43173000000.0;-13000000.0;6058000000.0;0.0;51000000.0;;1215000000.0;11000000.0;54000000.0;16000000.0;68000000.0;2000000.0;1161000000.0;37172000000.0;7349000000.0;482000000.0;14000000.0;61000000.0;15000000.0;46000000.0;4293000000.0;59000000.0;4293000000.0;206000000.0;1097000000.0;3294000000.0;4890000000.0;5609000000.0;14000000.0;-250500000.0;4630000000.0;;305019854.5591009;-10012771319.079391;927000000.0;18000000.0;0.0;107000000.0;238000000.0;242000000.0;240000000.0;-2000000.0;44000000.0;9500000.0;17735927.321935467;142000000.0;82000000.0;1429000000.0;334000000.0;33000000.0;0.0;151000000.0;428000000.0;-25000000.0;158000000.0;-1169500000.0;593000000.0;8000000.0;48000000.0;40500000.0;521000000.0;37172000000.0;3484000000.0;38000000.0;5079000000.0;-1520798483.2218456;-1030000000.0;-888500000.0;1349000000.0;1095000000.0;1095000000.0;;67024000000.0;1471000000.0;270000000.0;250000000.0;363000000.0;1264000000.0;2000000.0;2000000.0;0.0;254000000.0;2214000000.0;-6500000.0;6000000.0;26500000.0;621000000.0;907000000.0;56000000.0;12000000.0;63000000.0;2000000.0;71718000000.0;28545000000.0;4694000000.0;1828000000.0;7500000.0;4000000.0;219000000.0;15542000000.0;4765000000.0;35000000.0;21765000000.0;21765000000.0;492000000.0;28000000.0;1501667039.0587347
2021-12-31;2316000000.0;2683500000.0;42460000000.0;-13000000.0;6076500000.0;0.0;43000000.0;;1174000000.0;11000000.0;47500000.0;18000000.0;99500000.0;2000000.0;1126500000.0;37634500000.0;7914000000.0;505000000.0;15000000.0;35500000.0;12666666.666666666;40500000.0;4151000000.0;-26678424.111385345;4151000000.0;206000000.0;743000000.0;3365500000.0;4890000000.0;5415000000.0;13500000.0;-357750000.0;4458000000.0;;295508403.44795406;-9856948038.082573;887000000.0;0.0;0.0;107000000.0;249000000.0;634000000.0;338000000.0;-2000000.0;44500000.0;17250000.0;13040690.35251682;133000000.0;68500000.0;963000000.0;220500000.0;39500000.0;23250000.0;140500000.0;520500000.0;-5500000.0;185500000.0;-1709750000.0;735500000.0;8000000.0;48000000.0;36250000.0;553500000.0;37634500000.0;4874000000.0;660500000.0;4447500000.0;-2195891271.3189716;-1051000000.0;-922250000.0;1088500000.0;742500000.0;742500000.0;;66216000000.0;1008500000.0;294000000.0;236500000.0;517000000.0;1203500000.0;500000.0;500000.0;0.0;263000000.0;2202500000.0;-6250000.0;2500000.0;34750000.0;822000000.0;923000000.0;63000000.0;12000000.0;92000000.0;3000000.0;70963500000.0;28503500000.0;4747500000.0;1541202891.3393211;9750000.0;3500000.0;223500000.0;15412500000.0;4374000000.0;35000000.0;21652500000.0;22180000000.0;811000000.0;20000000.0;2703871995.5973935
2022-03-31;2660000000.0;3213000000.0;41747000000.0;-13000000.0;6095000000.0;0.0;35000000.0;;1133000000.0;11000000.0;41000000.0;20000000.0;131000000.0;2000000.0;1092000000.0;38097000000.0;8479000000.0;528000000.0;16000000.0;10000000.0;10333333.333333332;35000000.0;4009000000.0;29937944.86190009;4009000000.0;206000000.0;389000000.0;3437000000.0;4890000000.0;5221000000.0;13000000.0;-465000000.0;4286000000.0;;292933648.35763144;-9696421198.331417;847000000.0;500000.0;;-31038783.860264193;260000000.0;1026000000.0;436000000.0;-2000000.0;45000000.0;25000000.0;8345453.383098161;124000000.0;55000000.0;497000000.0;107000000.0;46000000.0;46500000.0;130000000.0;613000000.0;14000000.0;213000000.0;-2250000000.0;878000000.0;8000000.0;48000000.0;32000000.0;586000000.0;38097000000.0;6264000000.0;1283000000.0;3816000000.0;-2870984059.4161005;-1072000000.0;-956000000.0;828000000.0;390000000.0;390000000.0;;65408000000.0;546000000.0;318000000.0;223000000.0;671000000.0;1143000000.0;-1000000.0;-1000000.0;0.0;272000000.0;2191000000.0;-6000000.0;-1000000.0;43000000.0;1023000000.0;939000000.0;70000000.0;12000000.0;121000000.0;4000000.0;70209000000.0;28462000000.0;4801000000.0;1539078424.9282703;12000000.0;3000000.0;228000000.0;15283000000.0;3983000000.0;35000000.0;21540000000.0;21540000000.0;1130000000.0;31000000.0;3906076952.1360545
2022-06-30;2896000000.0;3735000000.0;42113000000.0;-12000000.0;6128000000.0;0.0;30000000.0;;1149000000.0;11500000.0;43000000.0;16500000.0;105750000.0;1750000.0;1106000000.0;38139000000.0;8153000000.0;583750000.0;13000000.0;16000000.0;8000000.0;29500000.0;3073000000.0;403127531.8970792;3073000000.0;206000000.0;2239000000.0;4504000000.0;4890000000.0;4881000000.0;12000000.0;-290250000.0;4183000000.0;;312076185.78235155;-10772859274.410748;911000000.0;1000000.0;;-63565183.723359376;79000000.0;1493000000.0;437000000.0;-2000000.0;35000000.0;36000000.0;1681246.07166522;128000000.0;91000000.0;2882000000.0;644000000.0;34750000.0;69750000.0;78250000.0;517750000.0;29750000.0;146750000.0;-1639250000.0;574000000.0;8000000.0;48000000.0;32250000.0;739000000.0;38139000000.0;5768000000.0;1282000000.0;3809000000.0;-2863783692.863338;-1464500000.0;-1108750000.0;1434750000.0;2238000000.0;2238000000.0;;66098000000.0;2903000000.0;324000000.0;216000000.0;605000000.0;1127000000.0;2000000.0;1000000.0;-1000000.0;264000000.0;2067000000.0;-5500000.0;27000000.0;111500000.0;1034000000.0;1030500000.0;132250000.0;12500000.0;113750000.0;3000000.0;70960000000.0;28847000000.0;4862000000.0;1563038799.7902656;10250000.0;20000000.0;244000000.0;16028000000.0;7407000000.0;34750000.0;22312000000.0;22312000000.0;594000000.0;38000000.0;4043630545.7301207
2022-09-30;2718000000.0;3343000000.0;42623000000.0;-6000000.0;6155000000.0;0.0;34000000.0;;1265000000.0;12000000.0;38000000.0;13000000.0;80500000.0;1500000.0;1227000000.0;40487000000.0;10201000000.0;639500000.0;10000000.0;53000000.0;5666666.666666666;24000000.0;5272000000.0;-473628773.5413377;5272000000.0;206000000.0;2860000000.0;3929000000.0;4473333333.333333;4667000000.0;18000000.0;-115500000.0;4517000000.0;;356376171.2712563;-13193358887.52148;906000000.0;18500000.0;;-2041352.3449589144;243000000.0;1319000000.0;437000000.0;-2000000.0;35000000.0;47000000.0;-4982961.239767697;162000000.0;94000000.0;3663000000.0;809000000.0;23500000.0;93000000.0;26500000.0;422500000.0;45500000.0;80500000.0;-1028500000.0;270000000.0;8000000.0;41000000.0;32500000.0;872000000.0;40487000000.0;5746000000.0;1282000000.0;3802000000.0;-2862229152.1469436;-1857000000.0;-1261500000.0;2041500000.0;2854000000.0;2854000000.0;;67065000000.0;3664000000.0;335000000.0;235000000.0;621000000.0;1167000000.0;5000000.0;6000000.0;1000000.0;289000000.0;2573000000.0;-5000000.0;40000000.0;180000000.0;1045000000.0;1122000000.0;194500000.0;13000000.0;106500000.0;2000000.0;71724000000.0;29101000000.0;4659000000.0;1594764661.3554382;8500000.0;18000000.0;257000000.0;17563000000.0;7593000000.0;34500000.0;23849000000.0;22312000000.0;542000000.0;69000000.0;3975356956.8595686
2022-12-31;2578000000.0;2899000000.0;42704000000.0;-7000000.0;6187000000.0;0.0;34000000.0;;1328000000.0;12500000.0;38500000.0;9500000.0;55250000.0;1250000.0;1253000000.0;40756000000.0;9692500000.0;695250000.0;7000000.0;33500000.0;;;5145000000.0;-752723550.1702106;5972000000.0;206000000.0;2441500000.0;3700500000.0;4056666666.6666665;4129500000.0;24500000.0;59250000.0;4730000000.0;;385772373.2026359;-14439893962.793293;852000000.0;36000000.0;;-12593055.040344909;137000000.0;1195500000.0;459500000.0;-2000000.0;42500000.0;58000000.0;-11647168.551200636;153500000.0;64000000.0;3129000000.0;690500000.0;12250000.0;46500000.0;-25250000.0;327250000.0;61250000.0;14250000.0;-417750000.0;-34000000.0;8000000.0;41500000.0;32750000.0;1001500000.0;40756000000.0;4987000000.0;657500000.0;3794500000.0;-2858865242.9255953;-2249500000.0;-1414250000.0;2648250000.0;2438500000.0;2438500000.0;;67486000000.0;3118000000.0;347000000.0;294500000.0;600500000.0;1377000000.0;2500000.0;3000000.0;500000.0;271000000.0;2596500000.0;-4500000.0;52500000.0;248500000.0;1056000000.0;1213500000.0;256750000.0;13500000.0;99250000.0;1000000.0;72366000000.0;29662000000.0;4880000000.0;1606615910.4340744;6750000.0;9500000.0;246500000.0;18493000000.0;6818500000.0;34250000.0;24779000000.0;22312000000.0;589500000.0;69000000.0;4116905908.579985
2023-03-31;2438000000.0;2455000000.0;42785000000.0;-8000000.0;6219000000.0;0.0;34000000.0;;1318000000.0;13000000.0;39000000.0;6000000.0;30000000.0;1000000.0;1279000000.0;41025000000.0;9184000000.0;751000000.0;4000000.0;14000000.0;1000000.0;13000000.0;5018000000.0;-372357240.3074322;5018000000.0;206000000.0;2023000000.0;3472000000.0;3640000000.0;3592000000.0;31000000.0;234000000.0;4943000000.0;;408735640.5507014;-15242941953.801128;798000000.0;53500000.0;;-24657916.516688775;31000000.0;1072000000.0;482000000.0;-2000000.0;50000000.0;69000000.0;-18311375.862633586;145000000.0;34000000.0;2595000000.0;572000000.0;1000000.0;0.0;-77000000.0;232000000.0;77000000.0;-52000000.0;193000000.0;-338000000.0;8000000.0;42000000.0;33000000.0;1131000000.0;41025000000.0;4228000000.0;33000000.0;3787000000.0;-2855501333.7042465;-2642000000.0;-1567000000.0;3255000000.0;2023000000.0;2023000000.0;;67907000000.0;2572000000.0;359000000.0;354000000.0;580000000.0;1587000000.0;0.0;0.0;0.0;253000000.0;2620000000.0;-4000000.0;65000000.0;317000000.0;1067000000.0;1305000000.0;319000000.0;14000000.0;92000000.0;0.0;73008000000.0;30223000000.0;5101000000.0;1619195106.3944802;5000000.0;1000000.0;236000000.0;19423000000.0;6044000000.0;34000000.0;25447000000.0;24225464162.635555;637000000.0;69000000.0;4258454860.3004055
2023-06-30;2205000000.0;2263000000.0;43550000000.0;-9000000.0;6257000000.0;0.0;35000000.0;;1326000000.0;13750000.0;37000000.0;7750000.0;26500000.0;750000.0;1289000000.0;41487000000.0;8906000000.0;747000000.0;9500000.0;57000000.0;1000000.0;56000000.0;4764000000.0;-271085707.07352686;4764000000.0;206000000.0;1552000000.0;3603000000.0;3640000000.0;3526000000.0;33000000.0;225250000.0;5138000000.0;;435185460.23018134;-16213111386.651157;866000000.0;71000000.0;;-30262720.90633835;22000000.0;479000000.0;478000000.0;-2000000.0;47000000.0;-9000000.0;28943912.345709033;142000000.0;35000000.0;1986000000.0;433000000.0;1250000.0;1000000.0;-72250000.0;253750000.0;28500000.0;1250000.0;127000000.0;-268000000.0;8500000.0;35000000.0;28250000.0;1355000000.0;41487000000.0;3731000000.0;34000000.0;3780000000.0;-2327773108.488175;-2304500000.0;-1574500000.0;3167000000.0;1553000000.0;1553000000.0;;69178000000.0;1970000000.0;348000000.0;335000000.0;523000000.0;1638000000.0;-1000000.0;-1000000.0;0.0;232000000.0;2581000000.0;-5250000.0;51000000.0;427500000.0;931500000.0;1350000000.0;326750000.0;14250000.0;71250000.0;0.0;74460000000.0;30910000000.0;5282000000.0;1646713010.2357972;17000000.0;0.0;236000000.0;20497000000.0;5573000000.0;36750000.0;26257000000.0;25140395659.639244;425000000.0;56050884.68321687;4089515044.225347
2023-09-30;2464000000.0;2927000000.0;44362000000.0;-7000000.0;6133000000.0;0.0;57000000.0;;1500000000.0;14500000.0;42000000.0;9500000.0;23000000.0;500000.0;1458000000.0;43647000000.0;10258000000.0;743000000.0;15000000.0;112000000.0;3000000.0;109000000.0;5326000000.0;-495158942.0241368;5326000000.0;206000000.0;2032000000.0;3655000000.0;3640000000.0;3373000000.0;33000000.0;216500000.0;5194000000.0;;415772578.64729196;-18260044825.17302;898000000.0;210627756.74720147;;-33188638.312120434;22000000.0;480000000.0;478000000.0;-2000000.0;43000000.0;2666666.666666666;21875813.682068046;161000000.0;54000000.0;2573000000.0;543000000.0;1500000.0;0.0;-67500000.0;275500000.0;-20000000.0;54500000.0;61000000.0;-198000000.0;9000000.0;36000000.0;23500000.0;1379000000.0;43647000000.0;4225000000.0;34000000.0;3772000000.0;-1839639974.6409998;-1967000000.0;-1582000000.0;3079000000.0;2030000000.0;2030000000.0;;70730000000.0;2557000000.0;369000000.0;337000000.0;626000000.0;1633000000.0;2000000.0;2000000.0;0.0;285000000.0;2698000000.0;-6500000.0;52000000.0;538000000.0;796000000.0;1395000000.0;334500000.0;14500000.0;50500000.0;0.0;76085000000.0;31723000000.0;5355000000.0;1698845670.8756888;29000000.0;0.0;240000000.0;22047000000.0;6212000000.0;39500000.0;27758000000.0;26024678335.151714;605000000.0;69431139.26657572;4087185714.917671
2023-12-31;2437000000.0;2716000000.0;45290000000.0;-9000000.0;6166000000.0;0.0;51000000.0;;1506000000.0;15250000.0;39500000.0;11250000.0;19500000.0;250000.0;1469000000.0;43857000000.0;9935000000.0;739000000.0;20500000.0;76000000.0;3000000.0;109000000.0;5278000000.0;-476021014.48387074;5278000000.0;206000000.0;1911000000.0;3753500000.0;3640000000.0;3574000000.0;42000000.0;207750000.0;5402000000.0;;493314928.0862632;-18497285560.71667;986000000.0;106000000.0;;-41953395.396751195;0.0;503000000.0;526000000.0;-2000000.0;44000000.0;14333333.333333332;14807715.018427063;161500000.0;36500000.0;2436500000.0;527000000.0;1750000.0;0.0;-62750000.0;297250000.0;-68500000.0;107750000.0;-5000000.0;-128000000.0;9500000.0;34500000.0;18750000.0;1275000000.0;43857000000.0;4074000000.0;34000000.0;3765000000.0;-1391165171.441573;-1629500000.0;-1589500000.0;2991000000.0;1909500000.0;1909500000.0;;72090000000.0;2414000000.0;382500000.0;325000000.0;560000000.0;1583000000.0;1500000.0;1500000.0;0.0;286000000.0;2526000000.0;-7750000.0;57000000.0;648500000.0;660500000.0;1440000000.0;342250000.0;14750000.0;29750000.0;-2253060.7435836196;77587000000.0;32297000000.0;5497000000.0;1725454853.9790587;41000000.0;500000.0;240000000.0;22634000000.0;6167500000.0;42250000.0;28090000000.0;26589811190.488663;466000000.0;64536356.20770608;4640474527.72967
2024-03-31;2389000000.0;2688000000.0;46047000000.0;-8000000.0;6188000000.0;0.0;45000000.0;;1517000000.0;16000000.0;37000000.0;13000000.0;16000000.0;0.0;1480000000.0;44796000000.0;9928000000.0;735000000.0;26000000.0;48000000.0;3000000.0;109000000.0;5292000000.0;-481602910.01644826;5292000000.0;206000000.0;1790000000.0;3852000000.0;3640000000.0;3520000000.0;38000000.0;199000000.0;5597000000.0;;508220793.4990709;-18977404818.55549;1074000000.0;110000000.0;;-43926033.0801588;4000000.0;526000000.0;523000000.0;-2000000.0;45000000.0;26000000.0;7739616.354786079;162000000.0;19000000.0;2300000000.0;511000000.0;2000000.0;1000000.0;-58000000.0;319000000.0;-117000000.0;161000000.0;-71000000.0;-58000000.0;10000000.0;33000000.0;14000000.0;1154000000.0;44796000000.0;4273000000.0;34000000.0;3757000000.0;-947428676.2074286;-1292000000.0;-1597000000.0;2903000000.0;1789000000.0;1789000000.0;;73356000000.0;2271000000.0;396000000.0;318000000.0;684000000.0;1753000000.0;1000000.0;1000000.0;0.0;223000000.0;2533000000.0;-9000000.0;62000000.0;759000000.0;525000000.0;1485000000.0;350000000.0;15000000.0;9000000.0;-3196456.142751515;79124000000.0;33077000000.0;5768000000.0;1761411709.5228336;53000000.0;1000000.0;240000000.0;23897000000.0;6123000000.0;45000000.0;28636000000.0;27682047635.70988;786000000.0;63665443.97237806;4622039905.612914
2024-06-30;2436000000.0;2657000000.0;47049000000.0;-8000000.0;6219000000.0;0.0;45000000.0;;1450000000.0;16000000.0;51000000.0;13000000.0;16000000.0;0.0;1399000000.0;45224000000.0;9803000000.0;735000000.0;26000000.0;77000000.0;;;5431000000.0;-537023158.5184674;5431000000.0;206000000.0;1690000000.0;3895000000.0;3640000000.0;3475000000.0;44000000.0;199000000.0;5731000000.0;;481316716.0636523;-19574069803.10061;984000000.0;4000000.0;;-42359089.62834156;8000000.0;516000000.0;516000000.0;-2000000.0;34000000.0;20000000.0;11374638.52465859;151000000.0;81000000.0;2160000000.0;470000000.0;2000000.0;2000000.0;-58000000.0;319000000.0;-117000000.0;161000000.0;-71000000.0;-58000000.0;10000000.0;33000000.0;14000000.0;1069000000.0;45224000000.0;4628000000.0;534000000.0;3250000000.0;-973676515.8188583;-1292000000.0;-1597000000.0;2903000000.0;1690000000.0;1690000000.0;;74615000000.0;2130000000.0;390000000.0;303000000.0;640000000.0;1733000000.0;0.0;0.0;;231000000.0;2456000000.0;-9000000.0;66000000.0;759000000.0;525000000.0;1485000000.0;350000000.0;15000000.0;9000000.0;-3255652.2470673323;80693000000.0;33644000000.0;6078000000.0;1792749876.456081;53000000.0;5000000.0;238633491.2856429;25071000000.0;6025000000.0;45000000.0;29159000000.0;28687778333.436913;600000000.0;61698704.56508368;4561294922.268169
