end;AccountsPayableCurrent;AccountsReceivableNetCurrent;AccrualForEnvironmentalLossContingencies;AccruedIncomeTaxesCurrent;AccumulatedDepreciationDepletionAndAmortizationPropertyPlantAndEquipment;AccumulatedOtherComprehensiveIncomeLossNetOfTax;AdditionalPaidInCapitalCommonStock;AllowanceForDoubtfulAccountsReceivableCurrent;Assets;AssetsCurrent;CashAndCashEquivalentsAtCarryingValue;CashCashEquivalentsRestrictedCashAndRestrictedCashEquivalents;CommonStockValue;ComprehensiveIncomeNetOfTax;ComprehensiveIncomeNetOfTaxAttributableToNoncontrollingInterest;ComprehensiveIncomeNetOfTaxIncludingPortionAttributableToNoncontrollingInterest;ConsolidationLessThanWhollyOwnedSubsidiaryParentOwnershipInterestChangesNet;CostOfGoodsAndServicesSold;CostsAndExpenses;CostsAndExpensesRelatedParty;CrudeOilAndNaturalGasLiquids;DebtAndCapitalLeaseObligations;DebtCurrent;DebtInstrumentUnamortizedDiscount;DebtInstrumentUnamortizedDiscountPremiumNet;DeferredCreditsAndOtherLiabilitiesNoncurrent;DeferredFinanceCostsNet;DeferredIncomeTaxExpenseBenefit;DeferredIncomeTaxLiabilitiesNet;DeferredTaxLiabilitiesNoncurrent;DepreciationDepletionAndAmortization;DerivativeLiabilityCollateralRightToReclaimCashOffset;DividendsCommonStockCash;DueFromRelatedPartiesCurrent;DueToRelatedPartiesCurrent;EffectOfLIFOInventoryLiquidationOnIncome;EmployeeRelatedLiabilitiesCurrent;EquityMethodInvestments;ExciseAndSalesTaxes;FairValueLiabilitiesMeasuredOnRecurringBasisChangeInUnrealizedGainLoss;FairValueMeasurementWithUnobservableInputsReconciliationRecurringBasisAssetGainLossIncludedInEarnings1;FairValueMeasurementWithUnobservableInputsReconciliationsRecurringBasisLiabilityValue;FairValueNetDerivativeAssetLiabilityMeasuredOnRecurringBasisUnobservableInputsReconciliationSettlements;GainLossOnDispositionOfAssets;GainsLossesOnExtinguishmentOfDebt;Goodwill;IncomeLossFromContinuingOperationsAttributableToNoncontrollingEntity;IncomeLossFromContinuingOperationsBeforeIncomeTaxesExtraordinaryItemsNoncontrollingInterest;IncomeLossFromContinuingOperationsIncludingPortionAttributableToNoncontrollingInterest;IncomeLossFromEquityMethodInvestments;IncomeTaxExpenseBenefit;IncomeTaxesPaidNet;IncreaseDecreaseInAccountsPayableAndAccruedLiabilities;IncreaseDecreaseInAccountsReceivable;IncreaseDecreaseInInventories;InterestAndDebtExpense;InterestCostsCapitalizedAdjustment;InterestExpenseDebt;InterestExpenseOther;InterestIncomeExpenseNet;InterestPaidNet;InventoryLIFOReservePeriodCharge;InventoryNet;InvestmentIncomeInterest;Liabilities;LiabilitiesAndStockholdersEquity;LiabilitiesCurrent;LongTermDebtAndCapitalLeaseObligations;LongTermDebtAndCapitalLeaseObligationsCurrent;MinorityInterest;MinorityInterestDecreaseFromDistributionsToNoncontrollingInterestHolders;NetCashProvidedByUsedInFinancingActivities;NetCashProvidedByUsedInInvestingActivities;NetCashProvidedByUsedInOperatingActivities;NetIncomeLoss;NetIncomeLossAttributableToNoncontrollingInterest;NetIncomeLossAttributableToNonredeemableNoncontrollingInterest;NetIncomeLossAttributableToRedeemableNoncontrollingInterest;NetIncomeLossAvailableToCommonStockholdersBasic;NetIncomeLossAvailableToCommonStockholdersDiluted;NetIncomeLossIncludingPortionAttributableToNonredeemableNoncontrollingInterest;NetPeriodicDefinedBenefitsExpenseReversalOfExpenseExcludingServiceCostComponent;OperatingIncomeLoss;OperatingLeaseLiabilityCurrent;OperatingLeaseLiabilityNoncurrent;OperatingLeaseRightOfUseAsset;OtherAssetsCurrent;OtherAssetsNoncurrent;OtherComprehensiveIncomeLossAmortizationAdjustmentFromAOCIPensionAndOtherPostretirementBenefitPlansForNetPriorServiceCostCreditBeforeTax;OtherComprehensiveIncomeLossBeforeReclassificationsNetOfTax;OtherComprehensiveIncomeLossNetOfTax;OtherComprehensiveIncomeLossReclassificationAdjustmentFromAOCIPensionAndOtherPostretirementBenefitPlansForNetGainLossBeforeTax;OtherComprehensiveIncomeLossReclassificationAdjustmentFromAOCIPensionAndOtherPostretirementBenefitPlansTax;OtherFinancialServicesCosts;OtherInventorySupplies;OtherLiabilitiesCurrent;OtherNonoperatingIncomeExpense;OtherOperatingActivitiesCashFlowStatement;OtherOperatingIncome;PaymentsForProceedsFromOtherInvestingActivities;PaymentsForRepurchaseOfCommonStock;PaymentsOfDebtIssuanceCosts;PaymentsOfDividendsCommonStock;PaymentsToAcquirePropertyPlantAndEquipment;PaymentsToMinorityShareholders;PensionAndOtherPostretirementDefinedBenefitPlansLiabilitiesNoncurrent;PreferredStockValue;ProceedsFromIssuanceOfCommonStock;ProceedsFromIssuanceOfLongTermDebtAndCapitalSecuritiesNet;ProceedsFromPaymentsForOtherFinancingActivities;ProceedsFromSalesOfBusinessAffiliateAndProductiveAssets;ProfitLoss;PropertyPlantAndEquipmentGross;PropertyPlantAndEquipmentNet;RecordedThirdPartyEnvironmentalRecoveriesReceivable;RedeemableNoncontrollingInterestEquityCarryingAmount;RefiningAndMarketingCosts;RefiningAndMarketingRevenue;RelatedPartyTransactionPurchasesFromRelatedParty;RepaymentsOfLongTermDebtAndCapitalSecurities;RestrictedCashCurrent;RetailRelatedInventoryMerchandise;RetainedEarningsAccumulatedDeficit;RevenueFromContractWithCustomerExcludingAssessedTax;RevenueFromRelatedParties;SalesAndExciseTaxPayableCurrent;SellingGeneralAndAdministrativeExpense;StockholdersEquity;StockholdersEquityIncludingPortionAttributableToNoncontrollingInterest;StockIssuedDuringPeriodValueShareBasedCompensation;StockRepurchaseProgramRemainingAuthorizedRepurchaseAmount1;TaxesExcludingIncomeAndExciseTaxes;TreasuryStockValue;TreasuryStockValueAcquiredCostMethod;UndistributedContinuingOperationEarningsLossAllocationToParticipatingSecuritiesBasic;UndistributedEarningsLossAllocatedToParticipatingSecuritiesBasic;UndistributedEarningsLossAllocatedToParticipatingSecuritiesDiluted;UnrecognizedTaxBenefits
2010-06-30;4909609575.983689;5408000000.0;-35138408.03217068;;;;9172714418.499298;-7845973.624809146;13536900674.18715;921806876105.7816;154000000.0;732216111.0784826;7000000.0;481000000.0;68656200.35300615;212412044.0674948;;-55816438636.303314;15189000000.0;529000000.0;-160542738.39469397;10362470872.1576;;-201639340.68613648;239713370.68548062;-4239972643.9609566;-13980079330.149677;;30374374371.70995;906017329.8416443;269000000.0;;-3640691199.2495847;30593188.15609236;508147264.4080925;0.0;-10054826439.873215;94665288253.82204;1308000000.0;;;;;2000000.0;;;-267351591.1104346;640000000.0;8039821892.175409;18000000.0;235000000.0;5195591.950653121;;;-218000000.0;-3343804572.567518;;5000000.0;;;-4884223763.142296;-20580326044.26452;-90513776716.38136;22596322.234729335;-236846844236.04578;8102891295.827442;233601442713.20984;-102165112003.55107;;3091685707.2338753;963579210.2098105;9366517312.096607;;-5767945156.78014;220793702.6301177;68656200.35277024;-315753152.62575155;114317284.21133837;386152042.34869504;-855381348.8024045;-94959449.99563037;;721000000.0;-3128170436.2090883;-119214659925.5882;-118793524462.0959;;-4597367668.648048;13272014.818117741;;;150997132.3128169;;154951556.14064944;117790593996.02386;-34879020430.18962;-2000000.0;-760431958.8067052;10000000.0;-3544290497.422383;3044608950.205455;;-1606006296.1858106;-26471916520.28441;52702468253.74969;;;15930225.140634615;8670194201.367584;-8640016396.177004;;46034869436.99134;-1039157535310.9525;-265686782020.02686;-3223646874.6141477;996463296.9609025;12792000000.0;15762000000.0;-33338533.706591845;5468999277.477532;104999270.92528315;-71730140604.96109;1578195633555.1367;164159482431.32697;33000000.0;;228000000.0;8693000000.0;1097902213154.8053;;;63000000.0;-1219037512226.6113;225554690222.31827;228573463.36185175;;;-439671376.4977431
2010-09-30;4071067466.9994392;5408000000.0;-54483296.18396568;;;;8961323479.548607;10869069.634325404;10628908472.259995;934369833136.7487;117000000.0;666979056.0590205;7000000.0;270000000.0;58655524.833509505;113063062.86084145;;68389994174.6051;15485000000.0;712000000.0;-319715237.0244427;9061460796.523972;;-190083517.19836697;158170220.71613774;-4288701397.03419;-14160004099.815508;-12000000.0;30858152250.006126;-4994256936.092697;234000000.0;;-3666391746.481072;27027767.343066163;118656732.35988425;0.0;-10154544158.708961;91149271503.77243;1351000000.0;;;;;5000000.0;;;-292705333.03580874;439000000.0;18194738355.880013;18000000.0;162000000.0;-19972118.744369037;299000000.0;471000000.0;-336000000.0;-3724116172.667098;;5000000.0;;-11000000.0;-4896390086.06345;-21417020662.67901;-114497047184.07312;5928493.553387212;-247953803538.81915;5054096314.742709;264148671492.19327;-120802820882.12473;;27463170721.502686;-143891382.09390086;-330000000.0;-484000000.0;915000000.0;411293046.1616385;-303405209.75186574;-343858580.62462425;27911196.602268443;405331361.4458224;-880241370.0786475;67434465.53701241;;496000000.0;-2725985832.2599754;-214701389175.91052;-230912039762.33185;;-16197280212.676998;6540185.360449158;;;155622520.23924777;;236817426.98775372;125079055612.72879;-41451326619.286674;-2000000.0;1000000.0;8000000.0;-9568938679.698034;-39889627083.75667;37000000.0;-993822595.0461285;243000000.0;59677749194.12012;;;22602011.97391694;2720542502.2698617;-9773665596.940123;125000000.0;107442151470.94269;-1120763862328.898;-302338892032.8956;-5475214850.9605055;996606568.345699;12903000000.0;15870000000.0;122879094.8846405;1700991658.0807593;244193687.44514856;-80919644481.51617;1705848269899.1917;-581063370420.1581;27000000.0;;226000000.0;8485000000.0;1241705388643.4456;;;59000000.0;-1348085641600.8438;384394267525.1288;376989248.5149719;;;291412282.84866583
2010-12-31;7313000000.0;5041000000.0;125000000.0;927565628.2383957;5431000000.0;-596000000.0;9407025596.98458;4000000.0;23964000000.0;10513000000.0;168000000.0;532090650.0743375;4000000.0;405500000.0;-9397517.6082924;758838105.6555607;;16849165694.955467;16268500000.0;748500000.0;1452000000.0;8798603789.591505;;11000000.0;446385413.5052301;304000000.0;44429296.75438765;-12000000.0;3122832841.79819;1383000000.0;225000000.0;;22328033.3681474;1000000.0;16000000.0;500000.0;222000000.0;323000000.0;1280000000.0;;-1000000.0;;;3000000.0;;842000000.0;395951991.67133045;630500000.0;-395718375530.0863;13500000.0;227500000.0;68983441.50505759;299000000.0;471000000.0;-336000000.0;-103135574.74707377;;18000000.0;;-11000000.0;-164736008.01758566;-2384655569.809263;3679000000.0;1000000.0;14987000000.0;23964000000.0;8549000000.0;4496615040.176477;;755540647.0828109;-61400148.25998467;-330000000.0;-484000000.0;915000000.0;-2005652515.7995222;78135502.20708299;325451254.80723286;-9509064.430498445;802000000.0;802000000.0;-1680201260.9922132;;691000000.0;-558988897.7082589;57873919650.13971;59098500764.607796;170000000.0;351000000.0;-3200166.764527956;;26000000.0;-19296572.82022994;;7918602.61109053;630062241.2637866;247000000.0;-2500000.0;1000000.0;13500000.0;1355537558.866966;12985626636.983418;37000000.0;52307467051.68138;243000000.0;135491211557.55891;1489000000.0;;22961334.772883702;5648318945.896648;-35677874362.28852;125000000.0;5938022678.000132;17366000000.0;11935000000.0;54000000.0;997674004.6990924;13730000000.0;16844500000.0;190532944.3014972;3555198342.002967;-15952769.579729024;-74315848747.75311;5882598822982.723;213033065526.49298;25000000.0;303000000.0;221500000.0;8244000000.0;-1806299351930.0364;;;63500000.0;-2906298230815.047;-45884282328.15192;-44913209.63756758;;;1000000.0
2011-03-31;7313000000.0;5041000000.0;125000000.0;983000000.0;5431000000.0;-596000000.0;9404034027.701803;4000000.0;23964000000.0;10513000000.0;219000000.0;397202244.08965445;4000000.0;541000000.0;-4183842.741672516;857338993.0063573;;17292233182.33053;17052000000.0;785000000.0;1452000000.0;8585638312.309336;;11000000.0;456384545.27378255;304000000.0;52805550.18948251;-12000000.0;3083571553.194999;1383000000.0;216000000.0;;34269447.95421585;1000000.0;16000000.0;1000000.0;222000000.0;323000000.0;1209000000.0;;-1000000.0;;;1000000.0;;842000000.0;395221307.59629214;822000000.0;-395537518534.29266;9000000.0;293000000.0;72069602.09177698;299000000.0;471000000.0;-336000000.0;-56446028.234258056;;31000000.0;;-11000000.0;-144307964.80362827;-2459983155.8317165;3679000000.0;1000000.0;14987000000.0;23964000000.0;8549000000.0;5041627404.732781;;596673568.7792532;-27964958.2867586;-330000000.0;-484000000.0;915000000.0;-1937511335.8486605;62995347.31922549;325200771.0524719;-9509064.430498445;802000000.0;802000000.0;-1612310564.796114;;886000000.0;-559325976.7661884;57863490623.202866;59087317504.78224;170000000.0;351000000.0;-3231376.433711458;;26000000.0;-20355134.38766946;;8211067.132520987;729933257.8306704;247000000.0;-3000000.0;1000000.0;19000000.0;1356526673.6027095;12990423277.471117;37000000.0;52142162021.03972;243000000.0;135009703325.96817;1489000000.0;;23010389.17394494;5810937341.203306;-23757348502.67464;125000000.0;6025035247.260982;17366000000.0;11935000000.0;54000000.0;998741441.0524858;14557000000.0;17819000000.0;190532944.3014972;3658187119.0875974;-16252495.836768564;-74121848325.00632;1062000000.0;213385406265.012;23000000.0;303000000.0;217000000.0;9036000000.0;1329342444772.727;;;68000000.0;-1483842877052.689;-79117556524.07863;-77877642.61801249;;;1000000.0
2011-06-30;7313000000.0;5041000000.0;125000000.0;983000000.0;5431000000.0;-596000000.0;9410000000.0;4000000.0;23964000000.0;10513000000.0;1622000000.0;1424338908.477733;4000000.0;828000000.0;0.0;613000000.0;;18306822691.24627;19469000000.0;981000000.0;1452000000.0;8594336889.390617;;11000000.0;357866415.7824476;304000000.0;72115874.90363449;56000000.0;3038978804.0693655;1383000000.0;218000000.0;248470.8084174022;87000000.0;1000000.0;16000000.0;0.0;222000000.0;323000000.0;1269000000.0;;-1000000.0;0.0;;4000000.0;;842000000.0;901259870.7791166;1333000000.0;-394989562899.85547;17000000.0;531000000.0;19000000.0;88666666.66666666;449333333.3333333;-213333333.3333333;22000000.0;30000000.0;38000000.0;;-13000000.0;48000000.0;14241750034.812485;3679000000.0;1000000.0;14987000000.0;23964000000.0;8549000000.0;3549539573.254369;;-49406379.50386095;-65035210.96456006;-523333333.3333334;-426333333.3333333;725666666.6666666;-1785278771.309047;0.0;827270202.0010562;-1399412.708120076;802000000.0;802000000.0;-958008569.3079224;;1394000000.0;549380553.1726516;9237048080.375917;14253059194.73766;170000000.0;351000000.0;-10245411.76473181;;26000000.0;-22331147.512916792;;7649882.57983263;-790004519.003638;247000000.0;-3000000.0;12000000.0;13000000.0;-3000000.0;850000000.0;24666666.666666664;87000000.0;265000000.0;0.0;1489000000.0;;27000000.0;1472647343.5491345;3000000.0;84000000.0;5199465480.7954445;17366000000.0;11935000000.0;54000000.0;1001448108.5652623;16654000000.0;20732000000.0;63000000.0;3000000.0;-18150895.899897378;65000000.0;1062000000.0;40002219792.13608;28000000.0;303000000.0;288000000.0;8977000000.0;9216000000.0;33000000.0;;59000000.0;743000000.0;850000000.0;763226.0113675948;;;1000000.0
2011-09-30;6974000000.0;4913000000.0;120000000.0;983000000.0;5634000000.0;-601000000.0;9410000000.0;4000000.0;25225000000.0;11669000000.0;2957000000.0;2803910321.822592;4000000.0;1128000000.0;0.0;613000000.0;;18141177026.543022;18894000000.0;80000000.0;1576000000.0;3327000000.0;19000000.0;-11000000.0;129733212.60496762;284000000.0;82456487.20159143;124000000.0;2079151533.4799929;1473000000.0;227000000.0;248470.80841741338;87000000.0;1000000.0;14000000.0;0.0;267000000.0;321000000.0;1329000000.0;;0.0;0.0;;5000000.0;;842000000.0;1241937673.7155457;1744000000.0;-388905191712.1467;15000000.0;611000000.0;19000000.0;-121666666.66666669;427666666.6666667;-90666666.66666666;22000000.0;30000000.0;45000000.0;;-16000000.0;48000000.0;23984201510.918224;3615000000.0;1000000.0;15176000000.0;25225000000.0;8612000000.0;3316000000.0;155405969.21291846;-302339546.8223369;-47007338.76752892;-716666666.6666667;-368666666.6666667;536333333.3333333;-1427717294.8371449;0.0;1164973845.6548243;-874382.7555287052;1131000000.0;1131000000.0;-262743449.18225527;;1852000000.0;546668490.2348623;9144041050.331583;14080676337.600372;183000000.0;367000000.0;-10881430.891373202;;-5000000.0;-22021822.02587164;;6187527.4747861065;261853909.92203677;125000000.0;-5000000.0;23000000.0;17000000.0;-3000000.0;850000000.0;12333333.333333332;87000000.0;287000000.0;0.0;1522000000.0;;27000000.0;212932131.50979722;3000000.0;43000000.0;5508998252.863743;17660000000.0;12026000000.0;53000000.0;1001760465.9987825;16896000000.0;20614000000.0;63000000.0;3000000.0;-17785647.219556376;65000000.0;1062000000.0;39360336479.49154;2000000.0;235000000.0;299000000.0;10049000000.0;9216000000.0;33000000.0;;63000000.0;743000000.0;850000000.0;730756.2761884159;;;11500000.0
2012-03-31;7803000000.0;5867000000.0;117000000.0;582000000.0;6063000000.0;-862000000.0;9410000000.0;2000000.0;25306000000.0;11580000000.0;2205000000.0;1898038457.726453;4000000.0;613000000.0;0.0;613000000.0;;18730409867.71289;19319000000.0;63000000.0;1253000000.0;3327000000.0;19000000.0;10000000.0;107056058.46676435;267000000.0;96282101.41801018;192000000.0;1914172345.289935;1509000000.0;230000000.0;248470.80841739103;87000000.0;1333333.3333333333;14000000.0;0.0;261000000.0;302000000.0;1380000000.0;;1000000.0;0.0;;2000000.0;;842000000.0;946375447.7394779;934000000.0;-364001596351.9192;2000000.0;338000000.0;19000000.0;-332000000.0;406000000.0;32000000.0;22000000.0;30000000.0;46000000.0;;-45000000.0;48000000.0;16288591175.560204;3352000000.0;1000000.0;16090000000.0;25306000000.0;9201000000.0;3316000000.0;155405969.21291846;141603279.61180258;-95090855.42022386;-910000000.0;-311000000.0;347000000.0;-1602788285.571492;0.0;907548067.3143265;-258920.1132818237;971500000.0;971500000.0;-695240218.2570994;;1369000000.0;538613679.5730767;8568774281.682865;13234528657.2504;156000000.0;336000000.0;-11510618.836529566;;17000000.0;-21399659.280356146;;7212390.621937253;285481502.1164109;201000000.0;-7000000.0;34000000.0;6000000.0;-3000000.0;850000000.0;0.0;87000000.0;309000000.0;0.0;1809000000.0;;27000000.0;89018918.4838984;3000000.0;2000000.0;4930600280.3222;18309000000.0;12246000000.0;49000000.0;1002309027.6072376;17321000000.0;20264000000.0;63000000.0;3000000.0;-16701041.537604094;65000000.0;1407000000.0;40115865138.68714;1000000.0;337000000.0;251000000.0;9216000000.0;9216000000.0;33000000.0;;74000000.0;743000000.0;850000000.0;768974.7732285042;;;22000000.0
2012-06-30;6155000000.0;4708000000.0;119000000.0;604000000.0;6275000000.0;-497000000.0;9426000000.0;2000000.0;24681000000.0;10706000000.0;1895000000.0;1684313798.2030756;4000000.0;1179000000.0;0.0;1179000000.0;;17735132753.365356;18950000000.0;57000000.0;2154000000.0;3327000000.0;19000000.0;10000000.0;160980976.62040582;300000000.0;79015051.87894785;130000000.0;2427203906.892096;1823000000.0;236000000.0;-2590049.782637298;96666666.66666667;1666666.6666666665;14000000.0;0.0;225000000.0;302000000.0;1428000000.0;;2000000.0;0.0;;1000000.0;;925000000.0;158780704.72410744;1290000000.0;42889638178.70255;9000000.0;476000000.0;11000000.0;609000000.0;565333333.3333334;193666666.66666666;17000000.0;36000000.0;47500000.0;;-46000000.0;59666666.666666664;-12151129549.585608;4030000000.0;1000000.0;14355000000.0;24681000000.0;7568000000.0;3316000000.0;155405969.2129187;412000000.0;4000000.0;-780000000.0;-768000000.0;924333333.3333334;1270529136.101728;0.0;41501232.03130406;-620038.4117053933;812000000.0;812000000.0;1312030368.1330218;;886000000.0;805058723.7547617;-2506445244.0644026;-2104841820.9077792;73000000.0;334000000.0;-13000000.0;76000000.0;365000000.0;-22000000.0;3000000.0;6984411.262372907;275000000.0;204000000.0;-7000000.0;20000000.0;4000000.0;-6333333.333333334;710333333.3333334;666666.6666666666;96666666.66666667;271000000.0;1333333.3333333333;1348000000.0;0.0;27333333.333333332;0.0;5333333.333333334;2333333.3333333335;2219882240.9100466;18689000000.0;12414000000.0;48000000.0;1001636555.6119314;16800000000.0;20240000000.0;57000000.0;3666666.6666666665;6654966.791743071;87000000.0;2136000000.0;29778796377.0866;3000000.0;361000000.0;365000000.0;10326000000.0;10326000000.0;30000000.0;;64000000.0;743000000.0;710333333.3333334;200148.34787438437;;;38000000.0
2012-09-30;6951000000.0;5101000000.0;118000000.0;709000000.0;6519000000.0;-489000000.0;9563000000.0;2000000.0;26583000000.0;12516000000.0;3387000000.0;3195951951.8454723;4000000.0;1232000000.0;0.0;1232000000.0;;18657460437.588844;19354000000.0;84000000.0;1589000000.0;3342000000.0;20000000.0;10000000.0;147677222.81640574;255000000.0;70265602.24447957;68000000.0;2339917642.258521;1954000000.0;246000000.0;10183292.87710885;106333333.33333333;2000000.0;14000000.0;0.0;287000000.0;300000000.0;1463000000.0;-11000000.0;0.0;0.0;;175000000.0;;930000000.0;117460633.94953184;1870000000.0;-15248121263.66568;7000000.0;646000000.0;3000000.0;1550000000.0;724666666.6666667;355333333.3333333;32500000.0;29000000.0;49000000.0;;-18000000.0;71333333.33333333;-19474649246.857677;3889000000.0;1000000.0;15116000000.0;26583000000.0;8308000000.0;3329000000.0;156367497.14818677;412000000.0;4000000.0;-650000000.0;-1225000000.0;1501666666.6666667;1117973206.8142252;0.0;-120317956.40464115;2814723.6861770246;1222000000.0;1222000000.0;997655250.4095902;;403000000.0;740276979.7764859;-961873388.233577;36625525.70703071;139000000.0;305000000.0;-13000000.0;76000000.0;8000000.0;-22000000.0;3000000.0;6312354.066697077;275000000.0;77000000.0;-7000000.0;6000000.0;18000000.0;-9666666.666666668;570666666.6666667;1333333.3333333333;106333333.33333333;233000000.0;2666666.6666666665;1270000000.0;0.0;27666666.666666668;0.0;7666666.666666667;2666666.6666666665;2777931697.7012987;19051000000.0;12532000000.0;49000000.0;1002155430.3568699;17202000000.0;21047000000.0;84000000.0;4333333.333333333;28209834.010860436;67000000.0;3241000000.0;26115596426.519516;2000000.0;264000000.0;293000000.0;11467000000.0;11467000000.0;27000000.0;;66000000.0;852000000.0;570666666.6666667;-31079.71864108625;1000000.0;1000000.0;28000000.0
2013-03-31;8872000000.0;5509000000.0;134000000.0;965000000.0;7040000000.0;-382000000.0;9676000000.0;9000000.0;30773000000.0;15297000000.0;4737000000.0;3997507864.0463433;4000000.0;807000000.0;5000000.0;812000000.0;;21723751851.137363;22189000000.0;72000000.0;2117000000.0;3411000000.0;22000000.0;10000000.0;126310500.27677202;931000000.0;81477241.34630099;6000000.0;2366160333.776822;2094000000.0;287000000.0;0.0;116000000.0;2333333.333333333;14000000.0;0.0;316000000.0;327000000.0;1458000000.0;-11000000.0;0.0;600000000.0;;1000000.0;;930000000.0;-141264439.4956617;1108000000.0;-1454083354.7183075;0.0;378000000.0;-5000000.0;2491000000.0;884000000.0;517000000.0;48000000.0;4000000.0;48000000.0;;-42000000.0;83000000.0;-24427299224.37738;4879000000.0;2000000.0;18361000000.0;30773000000.0;10728000000.0;3394000000.0;158290553.0187219;412000000.0;4000000.0;-520000000.0;-1682000000.0;2079000000.0;749311561.6968197;5000000.0;-340586621.93032604;-7952891.334762969;724000000.0;724000000.0;408724939.76649606;;-80000000.0;771853174.1638308;-1392286185.8927805;-569425150.099243;172000000.0;369000000.0;-13000000.0;76000000.0;82000000.0;-22000000.0;3000000.0;7377390.509283178;275000000.0;152000000.0;-6000000.0;-8000000.0;14000000.0;-13000000.0;431000000.0;2000000.0;116000000.0;195000000.0;4000000.0;1214000000.0;0.0;28000000.0;0.0;10000000.0;3000000.0;2104714844.5293026;20890000000.0;13850000000.0;51000000.0;1005810786.7689745;20034000000.0;23330000000.0;72000000.0;5000000.0;3968238.324587415;71000000.0;4489000000.0;33521231260.318947;2000000.0;401000000.0;249000000.0;12000000000.0;12412000000.0;24000000.0;;89000000.0;1787000000.0;431000000.0;297610.3917307521;1000000.0;1000000.0;41000000.0
2013-06-30;8601000000.0;6163000000.0;132000000.0;612000000.0;7307000000.0;-254000000.0;9737000000.0;9000000.0;29695000000.0;14252000000.0;3069000000.0;6917714710.356184;4000000.0;721000000.0;6000000.0;727000000.0;;22589522658.028557;24743000000.0;79000000.0;1958000000.0;3406000000.0;23000000.0;10000000.0;148310417.23377177;754000000.0;96106838.54792887;-666666.666666667;2334641487.445154;2187000000.0;302000000.0;0.0;118666666.66666667;3316000.5670553893;16000000.0;0.0;284000000.0;328000000.0;1596000000.0;-11000000.0;11000000.0;611000000.0;;1000000.0;;938000000.0;482683413.3769866;915000000.0;-591953702752.3054;7000000.0;316000000.0;-1666666.6666666665;1997666666.6666667;543000000.0;678000000.0;45000000.0;4000000.0;49000000.0;;-42000000.0;82000000.0;2553089626.9955006;4830000000.0;3000000.0;17498000000.0;29695000000.0;10241000000.0;3387000000.0;159252080.9539893;413000000.0;4666666.666666667;-524000000.0;-1241333333.3333333;1641333333.3333333;-1051261259.1707218;6000000.0;448712504.1945311;-7172233.0033446485;592000000.0;592000000.0;-602548754.9761909;;-197079717019.26605;516173148.7301815;14823057528.57558;21879469067.769814;190000000.0;378000000.0;-13000000.0;36666666.666666664;128000000.0;-19333333.333333332;10000000.0;5000000.0;321000000.0;315000000.0;-3000000.0;8333333.333333334;18000000.0;-18000000.0;882000000.0;1333333.3333333335;118333333.33333333;219000000.0;4666666.666666667;929000000.0;0.0;23000000.0;90000000.0;9666666.666666666;2666666.6666666665;-12721458950.814487;21106000000.0;13799000000.0;49000000.0;1008761402.8558639;22320000000.0;25677000000.0;79000000.0;5333333.333333333;-25097921.009691603;80000000.0;4969000000.0;41897659147.075294;2000000.0;406000000.0;358000000.0;11784000000.0;12197000000.0;19000000.0;;88000000.0;2672000000.0;517000000.0;507421.01953415363;1000000.0;1000000.0;22000000.0
2013-09-30;8961000000.0;5593000000.0;127000000.0;609000000.0;7580000000.0;-205000000.0;9748000000.0;9000000.0;29003000000.0;13531000000.0;2018000000.0;7832381566.662357;4000000.0;217000000.0;5000000.0;222000000.0;;23177681046.654213;25973000000.0;103000000.0;2615000000.0;3401000000.0;23000000.0;10000000.0;176612480.94797277;835000000.0;109340657.72471875;-7333333.333333334;2621817812.750345;2228000000.0;299000000.0;0.0;121333333.33333333;3000000.0;21000000.0;0.0;341000000.0;417000000.0;1631000000.0;5000000.0;5000000.0;606000000.0;;1000000.0;;938000000.0;232352600.7703315;254000000.0;-591858662200.3555;9000000.0;81000000.0;1666666.666666667;1504333333.3333335;202000000.0;839000000.0;45500000.0;7000000.0;50000000.0;;-41000000.0;81000000.0;-3624402635.5168734;5714000000.0;2000000.0;17739000000.0;29003000000.0;10401000000.0;3380000000.0;159252080.9539893;413000000.0;5333333.333333333;-528000000.0;-800666666.6666666;1203666666.6666665;-1489655987.9645402;5000000.0;201713616.4262697;-4629595.529831706;168000000.0;168000000.0;-1287942371.5382705;;-197707200168.57193;483840121.14459217;14902948579.589787;21956531052.130962;206000000.0;322000000.0;-13000000.0;-2666666.6666666716;49000000.0;-16666666.666666668;17000000.0;5000000.0;365000000.0;190000000.0;-6000000.0;24666666.666666668;8000000.0;-23000000.0;1028000000.0;666666.6666666667;120666666.66666667;243000000.0;5333333.333333333;895000000.0;0.0;18000000.0;180000000.0;9333333.333333334;2333333.3333333335;-13209249044.730154;21375000000.0;13795000000.0;49000000.0;1010352876.8869814;23553000000.0;26256000000.0;103000000.0;5666666.666666667;-24913715.199433703;83000000.0;5007000000.0;34585351124.78801;3000000.0;277000000.0;305000000.0;10851000000.0;11264000000.0;14000000.0;709000000.0;82000000.0;3703000000.0;603000000.0;125993.29952888843;0.0;0.0;25000000.0
2014-03-31;9313000000.0;5420000000.0;123000000.0;614000000.0;8133000000.0;-205000000.0;9803000000.0;9000000.0;29159000000.0;13448000000.0;2166000000.0;6235712670.04566;4000000.0;198000000.0;8000000.0;206000000.0;;21811717896.901413;22984000000.0;159000000.0;2734000000.0;3659000000.0;24000000.0;10000000.0;205594261.61970425;775000000.0;97400766.03348026;-14000000.0;2639037842.9748955;2290000000.0;320000000.0;42000000.0;124000000.0;5000000.0;23000000.0;0.0;259000000.0;602000000.0;1515000000.0;-14000000.0;-14000000.0;639000000.0;;1000000.0;;938000000.0;318339695.7795716;315000000.0;-598561945257.7324;35000000.0;108000000.0;5000000.0;1011000000.0;-139000000.0;1000000000.0;46000000.0;6000000.0;49000000.0;;-41000000.0;80000000.0;-810139659.4423218;5689000000.0;2000000.0;18401000000.0;29159000000.0;10846000000.0;3635000000.0;160213608.889257;414000000.0;6000000.0;-532000000.0;-360000000.0;766000000.0;-1487553812.402183;8000000.0;290742191.7635082;1818594.519034829;199000000.0;199000000.0;-1196811620.6386752;;-199913837649.8976;528191621.9606449;15196812313.305336;22315914300.84749;173000000.0;317000000.0;-13000000.0;-42000000.0;-1000000.0;-14000000.0;24000000.0;5000000.0;333000000.0;265000000.0;-5000000.0;41000000.0;24000000.0;-28000000.0;689000000.0;0.0;123000000.0;267000000.0;6000000.0;855000000.0;0.0;13000000.0;270000000.0;9000000.0;2000000.0;-13349178541.64828;21987000000.0;13854000000.0;50000000.0;1006463897.766335;20540000000.0;23285000000.0;159000000.0;6000000.0;-25244589.719696537;82000000.0;5591000000.0;13213750946.414238;2800000.0;371000000.0;346000000.0;10344000000.0;10758000000.0;9000000.0;709000000.0;104000000.0;4849000000.0;689000000.0;-644810.9780252731;0.0;0.0;16000000.0
2014-06-30;8934000000.0;5725000000.0;137000000.0;909000000.0;8427000000.0;-218000000.0;9822000000.0;9000000.0;29376000000.0;13596000000.0;2125000000.0;5735102588.984532;4000000.0;842000000.0;9000000.0;851000000.0;;23172174215.377228;25564000000.0;130000000.0;2835000000.0;3639000000.0;26000000.0;10000000.0;250733363.32154417;596000000.0;108077579.54329032;-10000000.0;2756536665.726142;2170000000.0;325000000.0;47000000.0;128333333.33333333;3000000.0;18000000.0;0.0;286000000.0;690000000.0;1599000000.0;-8000000.0;-13333333.333333334;647000000.0;0.0;11000000.0;;937000000.0;787899372.6700743;1321000000.0;-604470982381.325;57000000.0;457000000.0;56666666.666666664;361000000.0;-323000000.0;598333333.3333333;48000000.0;7000000.0;49000000.0;;-41000000.0;96000000.0;11617423115.676163;5621000000.0;1000000.0;18339000000.0;29376000000.0;11055000000.0;3612000000.0;162136664.7597919;417000000.0;7000000.0;-427333333.3333333;-369333333.3333333;907333333.3333334;-853974114.7416977;9000000.0;758483216.19467;-756957.7871691827;854000000.0;854000000.0;-95490898.54702912;;-200942274073.75446;581364408.8912461;15522266690.803108;22696935418.436886;125000000.0;303000000.0;-13000000.0;-28666666.666666664;-13000000.0;-14666666.666666666;16666666.666666668;7000000.0;333000000.0;519000000.0;-7000000.0;13333333.333333332;21000000.0;-29000000.0;459000000.0;1333333.3333333333;127333333.33333333;307666666.6666667;7000000.0;906000000.0;0.0;15666666.666666666;356000000.0;10000000.0;5000000.0;-12747620623.350403;22277000000.0;13850000000.0;51000000.0;1009763011.8162428;23096000000.0;26844000000.0;130000000.0;144333333.33333334;-24304689.935605854;86000000.0;6325000000.0;19860098866.108498;2600000.0;381000000.0;316000000.0;10620000000.0;11037000000.0;11666666.666666666;709000000.0;98000000.0;5313000000.0;529000000.0;-314767.99932247517;1000000.0;1000000.0;20000000.0
2014-09-30;8726000000.0;5271000000.0;182000000.0;586000000.0;8713000000.0;-228000000.0;9833000000.0;10000000.0;31705000000.0;12887000000.0;1854000000.0;8871985739.630215;4000000.0;662000000.0;7000000.0;669000000.0;;22262347614.09771;24419000000.0;112000000.0;2405000000.0;6283000000.0;26000000.0;26000000.0;303219352.81168157;727000000.0;107049972.35243884;-6000000.0;2840412152.589408;2165000000.0;322000000.0;0.0;132666666.66666667;4000000.0;17000000.0;0.0;345000000.0;862000000.0;1622000000.0;-8000000.0;-12666666.666666666;475000000.0;0.0;2000000.0;;1537000000.0;386252845.2525422;1012000000.0;-727776405770.95;29000000.0;333000000.0;108333333.33333333;-289000000.0;-507000000.0;196666666.66666663;50000000.0;7000000.0;56000000.0;;-47000000.0;112000000.0;0.0;5608000000.0;2000000.0;20439000000.0;31705000000.0;10372000000.0;6238000000.0;162136664.75979227;417000000.0;8000000.0;-322666666.6666666;-378666666.6666667;1048666666.6666667;-1376893646.4256983;7000000.0;13000000.0;0.0;671000000.0;671000000.0;-1363893646.4256973;;-242944986394.70038;707246369.2660732;19000702902.0219;27474925546.31311;154000000.0;420000000.0;-13000000.0;-15333333.333333332;-10000000.0;-15333333.333333334;9333333.333333334;3000000.0;308000000.0;324000000.0;-3000000.0;-14333333.333333336;12000000.0;-30000000.0;301000000.0;2666666.6666666665;131666666.66666667;348333333.3333333;8000000.0;937000000.0;0.0;18333333.333333332;442000000.0;11000000.0;8000000.0;-16112379485.856169;24712000000.0;15999000000.0;71000000.0;1008264470.5752635;21935000000.0;25438000000.0;112000000.0;282666666.6666667;-31670464.088486593;164000000.0;6856000000.0;16889520439.391129;2400000.0;365000000.0;342000000.0;10849000000.0;11266000000.0;14333333.333333332;2410000000.0;86000000.0;5616000000.0;369000000.0;-518972.73814461194;1000000.0;1000000.0;16000000.0
2015-03-31;5387000000.0;3364000000.0;177000000.0;933000000.0;9380000000.0;-313000000.0;9890000000.0;12000000.0;30182000000.0;11053000000.0;2078000000.0;-2198270343.836078;4000000.0;891000000.0;12000000.0;903000000.0;;16296633202.926922;15770000000.0;76000000.0;2107000000.0;6766000000.0;776000000.0;28000000.0;361327540.91208327;747000000.0;53397274.11779666;-2000000.0;3210892803.5414906;2019000000.0;363000000.0;13000000.0;137000000.0;1000000.0;14000000.0;0.0;474000000.0;902000000.0;1832000000.0;-12000000.0;-12000000.0;490000000.0;0.0;5000000.0;;1566000000.0;414225844.588794;1389000000.0;-688607341644.0153;15000000.0;486000000.0;160000000.0;-939000000.0;-691000000.0;-205000000.0;81000000.0;8000000.0;80000000.0;;-47000000.0;128000000.0;0.0;5437000000.0;1000000.0;18202000000.0;30182000000.0;8346000000.0;5967000000.0;883282616.2105074;642000000.0;9000000.0;-218000000.0;-388000000.0;1190000000.0;-1048516551.2984359;12000000.0;13000000.0;0.0;890000000.0;890000000.0;-1035516551.2984346;;-229580424179.6617;706966133.3694689;18183341635.49108;26251150986.720013;174000000.0;420000000.0;-13000000.0;-2000000.0;0.0;-16000000.0;2000000.0;10000000.0;302000000.0;321000000.0;-3000000.0;-42000000.0;29000000.0;-31000000.0;209000000.0;4000000.0;136000000.0;389000000.0;9000000.0;1123000000.0;0.0;21000000.0;528000000.0;12000000.0;11000000.0;-14841634020.31887;25621000000.0;16241000000.0;66000000.0;996788561.7263862;13044000000.0;17191000000.0;76000000.0;421000000.0;-29270678.998510454;166000000.0;8269000000.0;21707111890.804924;2200000.0;455000000.0;358000000.0;11338000000.0;11980000000.0;17000000.0;1520000000.0;97000000.0;6512000000.0;209000000.0;-373005.3564229824;1000000.0;1000000.0;15000000.0
2015-06-30;6225000000.0;3876000000.0;172000000.0;517000000.0;9724000000.0;-309000000.0;9912000000.0;30000000.0;30653000000.0;11431000000.0;1881000000.0;4153064001.8085513;7000000.0;830000000.0;13000000.0;843000000.0;;18377328891.44391;19246000000.0;82000000.0;2147000000.0;6760000000.0;780000000.0;27000000.0;252170424.99459967;566000000.0;67575369.67202678;-2000000.0;3279662428.707276;2011000000.0;362000000.0;12000000.0;145000000.0;1000000.0;17000000.0;0.0;369000000.0;994000000.0;1939000000.0;-6000000.0;-6000000.0;307000000.0;0.0;-1000000.0;;1566000000.0;406587384.6823803;1271000000.0;-686950066812.0109;20000000.0;432000000.0;88000000.0;-906750000.0;-599500000.0;-210250000.0;64000000.0;8000000.0;69000000.0;;-47000000.0;136000000.0;0.0;5540000000.0;2000000.0;18363000000.0;30653000000.0;8725000000.0;5918000000.0;887128727.951578;647000000.0;37000000.0;-269000000.0;-472750000.0;975000000.0;-1107400092.4343085;13000000.0;13000000.0;0.0;825000000.0;825000000.0;-1094400092.434307;;-229093211675.3617;680036742.8622594;18381461135.588844;26407698361.945526;134000000.0;379000000.0;-12750000.0;-1500000.0;4000000.0;-14750000.0;1500000.0;5000000.0;338000000.0;365000000.0;-3000000.0;-30250000.0;25000000.0;-25000000.0;408000000.0;3250000.0;144250000.0;478000000.0;37000000.0;1143000000.0;0.0;16000000.0;542500000.0;8250000.0;27500000.0;-14872809233.700922;26007000000.0;16283000000.0;66000000.0;1001076377.4047093;16366000000.0;20537000000.0;82000000.0;602000000.0;-30037244.61308669;175000000.0;8959000000.0;22388021890.426544;2000000.0;469000000.0;393000000.0;11643000000.0;12290000000.0;12250000.0;1110000000.0;104000000.0;6926000000.0;175500000.0;-503848.5721667047;1000000.0;1000000.0;12000000.0
2015-09-30;4993000000.0;3124000000.0;166000000.0;845000000.0;10067000000.0;-312000000.0;9929000000.0;35000000.0;30161000000.0;10861000000.0;2044000000.0;2055817898.8777413;7000000.0;945000000.0;10000000.0;955000000.0;;16720713291.430645;17209000000.0;61000000.0;2250000000.0;6753000000.0;780000000.0;27000000.0;151932456.86510614;557000000.0;47999999.99999978;-2000000.0;3520000000.000002;1942000000.0;364000000.0;4000000.0;153000000.0;1000000.0;13000000.0;0.0;417000000.0;1073000000.0;1988000000.0;-5000000.0;-5000000.0;312000000.0;0.0;2000000.0;;1565000000.0;382208746.9078288;1479000000.0;-692387022530.9612;23000000.0;521000000.0;16000000.0;-874500000.0;-508000000.0;-215500000.0;70000000.0;11000000.0;77000000.0;;-53069209.43306327;144000000.0;0.0;5556000000.0;2000000.0;17236000000.0;30161000000.0;7686000000.0;5912000000.0;887128727.9515779;648000000.0;65000000.0;-320000000.0;-557500000.0;760000000.0;-6016239046.938851;10000000.0;10000000.0;0.0;947000000.0;947000000.0;-78000000.0;;-230148629836.43;708465871.1352034;18564447568.242455;26599692370.38331;137000000.0;368000000.0;-12500000.0;-1000000.0;-3000000.0;-13500000.0;1000000.0;6000000.0;371000000.0;309000000.0;;-18500000.0;17000000.0;-19000000.0;156000000.0;2500000.0;152500000.0;567000000.0;65000000.0;1139000000.0;0.0;11000000.0;557000000.0;4500000.0;44000000.0;-19705912603.346684;26361000000.0;16294000000.0;67000000.0;998235473.6395111;14165000000.0;18716000000.0;61000000.0;783000000.0;-28322018.42223239;166000000.0;9736000000.0;26944594319.75731;1000000.0;342000000.0;392000000.0;12277000000.0;12925000000.0;7500000.0;2950000000.0;95000000.0;7083000000.0;142000000.0;-139386.94529658905;1000000.0;1000000.0;12000000.0
2015-12-31;4538000000.0;2863000000.0;166000000.0;495000000.0;10481500000.0;-315000000.0;10455500000.0;23000000.0;35959500000.0;9479000000.0;1176000000.0;1130913155.4265716;7000000.0;473000000.0;-34500000.0;438500000.0;;14977178798.782883;14982000000.0;84000000.0;2147000000.0;9428500000.0;497500000.0;257500000.0;77935575.23528928;651500000.0;48000000.0;-2000000.0;3520000000.0;3285000000.0;427000000.0;22000000.0;161000000.0;4000000.0;30000000.0;0.0;359500000.0;2440000000.0;1907000000.0;-4111111.111111111;-8500000.0;335000000.0;2000000.0;13500000.0;;2607000000.0;336443945.3723327;706000000.0;-642924137848.6469;22500000.0;266000000.0;-56000000.0;-842250000.0;-416500000.0;-220750000.0;106000000.0;13500000.0;115000000.0;;-61211390.679594934;152000000.0;7500000.0;5269500000.0;1500000.0;19750000000.0;35959500000.0;6640500000.0;8631500000.0;615497086.2384751;3620000000.0;93000000.0;-371000000.0;-642250000.0;545000000.0;-5961781295.008763;-34500000.0;-34500000.0;0.0;474000000.0;474000000.0;-78000000.0;;-214020798009.1587;712325966.4128401;17490249153.399918;24998076316.527557;170500000.0;627000000.0;-12250000.0;-500000.0;-1500000.0;-12250000.0;500000.0;6000000.0;385000000.0;350000000.0;;-6750000.0;22500000.0;-13000000.0;115500000.0;1750000.0;160750000.0;656000000.0;93000000.0;1177500000.0;0.0;6000000.0;571500000.0;750000.0;60500000.0;-18686951938.61342;31288000000.0;20806500000.0;67500000.0;993000000.0;11933000000.0;15735500000.0;84000000.0;964000000.0;-24391483.16700102;165000000.0;9660000000.0;17602767854.70346;1000000.0;400500000.0;385000000.0;12589500000.0;16209500000.0;2750000.0;2820000000.0;102000000.0;7218000000.0;108500000.0;-618314.8366462174;500000.0;500000.0;11500000.0
2016-03-31;4083000000.0;2602000000.0;166000000.0;145000000.0;10896000000.0;-318000000.0;10982000000.0;11000000.0;41758000000.0;8097000000.0;308000000.0;206008411.97551453;7000000.0;1000000.0;-79000000.0;-78000000.0;;13233644306.13513;12755000000.0;107000000.0;2044000000.0;12104000000.0;215000000.0;488000000.0;3938693.6054736674;746000000.0;48000000.0;-2000000.0;3520000000.0;3356000000.0;490000000.0;40000000.0;169000000.0;7000000.0;47000000.0;0.0;302000000.0;3807000000.0;1826000000.0;-3222222.222222222;-12000000.0;358000000.0;4000000.0;25000000.0;;3649000000.0;290679143.8368366;-67000000.0;-593461253166.3324;22000000.0;11000000.0;-128000000.0;-810000000.0;-325000000.0;-226000000.0;142000000.0;16000000.0;153000000.0;;-69353571.9261266;160000000.0;15000000.0;4983000000.0;1000000.0;22264000000.0;41758000000.0;5595000000.0;11351000000.0;343865444.5253724;6592000000.0;121000000.0;-422000000.0;-727000000.0;330000000.0;-5907323543.078673;-79000000.0;-79000000.0;0.0;1000000.0;1000000.0;-78000000.0;;-197892966181.8873;716186061.6904768;16416050738.557384;23396460262.671814;204000000.0;886000000.0;-12000000.0;0.0;0.0;-11000000.0;0.0;6000000.0;399000000.0;391000000.0;;5000000.0;28000000.0;-7000000.0;75000000.0;1000000.0;169000000.0;745000000.0;121000000.0;1216000000.0;0.0;1000000.0;586000000.0;-3000000.0;77000000.0;-17667991273.88013;36215000000.0;25319000000.0;68000000.0;993000000.0;9701000000.0;12755000000.0;107000000.0;1145000000.0;-20460947.911769502;164000000.0;9584000000.0;8260941389.649612;1000000.0;459000000.0;378000000.0;12902000000.0;19494000000.0;-2000000.0;2690000000.0;109000000.0;7353000000.0;75000000.0;-1097242.727995864;0.0;0.0;11000000.0
2016-06-30;5214000000.0;3199000000.0;156000000.0;336000000.0;11365000000.0;-321000000.0;10996000000.0;12000000.0;44133000000.0;10304000000.0;1754000000.0;2170000000.0;7000000.0;798000000.0;-79000000.0;780000000.0;;15385050775.204605;15475000000.0;124000000.0;1990000000.0;11583000000.0;27000000.0;476000000.0;74041805.82310247;629000000.0;48000000.0;-3000000.0;3520000000.0;3356000000.0;500000000.0;12000000.0;176000000.0;10000000.0;42000000.0;0.0;366000000.0;3793000000.0;1893000000.0;-2333333.3333333335;-15000000.0;171000000.0;-2000000.0;0.0;0.0;3648000000.0;358381491.6891213;1178000000.0;-637666152818.2734;-50000000.0;395000000.0;-84000000.0;-611666666.6666666;-327666666.6666667;-238666666.66666666;137000000.0;16000000.0;149000000.0;;-44756084.26222552;159000000.0;-385000000.0;5209000000.0;1000000.0;23205000000.0;44133000000.0;6782000000.0;11032000000.0;163098192.69505942;6445000000.0;128000000.0;226333333.33333337;-935666666.6666666;589333333.3333334;-5602296424.329333;-79000000.0;-27000000.0;9000000.0;800000000.0;800000000.0;-23666666.666666664;;-211967816044.73862;745619961.4236665;17549408967.52134;24983294670.77229;142000000.0;876000000.0;-11666666.666666666;-333333.3333333333;-3000000.0;-10333333.333333334;0.0;5000000.0;419000000.0;359000000.0;;13333333.333333332;29000000.0;-11666666.666666668;51000000.0;7666666.666666667;176000000.0;700000000.0;133333333.33333333;1242000000.0;0.0;4000000.0;1137666666.6666665;-4000000.0;52000000.0;-18290391852.242275;36877000000.0;25512000000.0;74000000.0;993000000.0;12830000000.0;16809000000.0;124000000.0;832333333.3333333;-26425113.054467406;167000000.0;10215000000.0;5099351919.85141;2000000.0;480000000.0;401000000.0;13490000000.0;19935000000.0;6666666.666666666;2640000000.0;111000000.0;7407000000.0;190000000.0;-1127126.870943615;1000000.0;1000000.0;13000000.0
2016-09-30;5055000000.0;3136000000.0;145000000.0;163000000.0;11829000000.0;-327000000.0;11005000000.0;12000000.0;43293000000.0;9545000000.0;709000000.0;2170000000.0;7000000.0;139000000.0;-79000000.0;213000000.0;;16101000000.0;16025000000.0;128000000.0;2230000000.0;11077000000.0;28000000.0;465000000.0;152561484.8095613;602000000.0;46000000.0;-4000000.0;3682000000.0;3356000000.0;507000000.0;35000000.0;183000000.0;7000000.0;40000000.0;0.0;439000000.0;3554000000.0;1914000000.0;-1444444.4444444445;-6000000.0;176000000.0;-1000000.0;1000000.0;0.0;3648000000.0;308691799.5049449;294000000.0;-551993401396.1428;-208000000.0;75000000.0;-40000000.0;-413333333.3333333;-330333333.3333333;-251333333.33333334;141000000.0;15000000.0;153000000.0;7000000.0;-20158596.59832444;158000000.0;0.0;5524000000.0;3000000.0;22336000000.0;43293000000.0;6340000000.0;10538000000.0;164059720.63032705;6562000000.0;135000000.0;874666666.6666667;-1144333333.3333333;848666666.6666667;-5366881297.087579;-79000000.0;58000000.0;16000000.0;145000000.0;145000000.0;30666666.66666667;;-183526102929.32056;691000875.1447365;15201767462.534016;21744162267.433727;176000000.0;849000000.0;-11333333.333333334;-666666.6666666666;-6000000.0;-9666666.666666666;0.0;6000000.0;442000000.0;326000000.0;;21666666.666666664;49000000.0;-16333333.333333334;51000000.0;14333333.333333334;183000000.0;655000000.0;145666666.66666666;1174000000.0;0.0;7000000.0;1689333333.3333333;-5000000.0;27000000.0;-16199984331.631517;37526000000.0;25697000000.0;62000000.0;1000000000.0;12944000000.0;16616000000.0;128000000.0;519666666.6666666;-22097960.3419051;163000000.0;10169000000.0;7433187238.695694;2000000.0;329000000.0;420000000.0;13395000000.0;19957000000.0;15333333.333333332;2580000000.0;112000000.0;7459000000.0;305000000.0;-894949.1978678082;0.0;0.0;6000000.0
2017-03-31;5343000000.0;3284000000.0;129000000.0;135000000.0;12737000000.0;-237000000.0;11159000000.0;10000000.0;45821000000.0;11042000000.0;2167000000.0;2170000000.0;7000000.0;27000000.0;-75920756.75051045;98000000.0;;16101000000.0;16102000000.0;122000000.0;2148000000.0;13112000000.0;28000000.0;450000000.0;235590720.336079;615000000.0;64000000.0;-5000000.0;3888000000.0;4975144943.177715;536000000.0;28000000.0;190000000.0;63000000.0;53000000.0;0.0;528000000.0;4704000000.0;1813000000.0;;12000000.0;175000000.0;-3000000.0;5000000.0;0.0;3586000000.0;302934196.746935;142000000.0;-525239512477.8257;57000000.0;41000000.0;4000000.0;-215000000.0;-333000000.0;-264000000.0;149000000.0;15000000.0;163000000.0;7000000.0;4438891.065576635;157000000.0;0.0;5392000000.0;5000000.0;25024000000.0;45821000000.0;6866000000.0;12570000000.0;164059720.63032717;6727000000.0;142000000.0;1523000000.0;-1353000000.0;1108000000.0;-5203678907.8690195;-90394349.05495831;55000000.0;16000000.0;30000000.0;30000000.0;85000000.0;;-174891399936.44315;619505456.6480198;14492531870.75712;20738938233.990894;199000000.0;820000000.0;-11000000.0;-1000000.0;-3000000.0;-9000000.0;0.0;6000000.0;414000000.0;350000000.0;;30000000.0;43000000.0;-21000000.0;420000000.0;21000000.0;190000000.0;610000000.0;158000000.0;1085000000.0;0.0;10000000.0;2241000000.0;-6000000.0;2000000.0;-15512406645.714472;38406000000.0;25669000000.0;58000000.0;1000000000.0;14946000000.0;16134000000.0;122000000.0;207000000.0;-20297378.291540362;156000000.0;10046000000.0;14238513537.327278;154000000.0;482000000.0;390000000.0;13070000000.0;19797000000.0;24000000.0;2140000000.0;108000000.0;7905000000.0;420000000.0;-681424.9032634449;0.0;0.0;10000000.0
2017-06-30;5307000000.0;3259000000.0;128000000.0;177000000.0;13216000000.0;-236000000.0;11185000000.0;10000000.0;45447000000.0;10443000000.0;1450000000.0;1454000000.0;7000000.0;484000000.0;-74459180.68834567;575000000.0;;16101000000.0;17372000000.0;150000000.0;2285000000.0;13106000000.0;29000000.0;438000000.0;246854872.80136952;627000000.0;62000000.0;-8500000.0;3923000000.0;4981927326.903851;521000000.0;51000000.0;197250000.0;32000000.0;43000000.0;0.0;395000000.0;4823000000.0;1926000000.0;;2000000.0;41000000.0;-1000000.0;7000000.0;0.0;3586000000.0;349349622.2841091;824000000.0;-523047519397.02747;83000000.0;250000000.0;4500000.0;-525000000.0;-273750000.0;-308000000.0;158000000.0;18000000.0;173000000.0;7000000.0;21684269.220379412;170750000.0;0.0;5548000000.0;4000000.0;24883000000.0;45447000000.0;6758000000.0;12577000000.0;165021248.5655948;6928000000.0;151250000.0;1781500000.0;-1209250000.0;796750000.0;-4755290073.604356;-89898239.71710691;74000000.0;17000000.0;483000000.0;483000000.0;118500000.0;;-173857933702.3031;580370457.6986691;14585728633.432838;20810465208.87897;186000000.0;809000000.0;-10500000.0;-1250000.0;1000000.0;-9000000.0;250000.0;7000000.0;439000000.0;376000000.0;;22750000.0;84000000.0;-18500000.0;750000000.0;29000000.0;197250000.0;646250000.0;167250000.0;998000000.0;0.0;10500000.0;4083250000.0;-6500000.0;3250000.0;-14952625412.777998;39002000000.0;25786000000.0;58000000.0;1000000000.0;14175000000.0;18033000000.0;150000000.0;1471250000.0;-19959962.04494999;161000000.0;10344000000.0;7299360183.164291;147000000.0;474000000.0;485000000.0;12636000000.0;19564000000.0;24000000.0;4390000000.0;115000000.0;8664000000.0;646750000.0;-1026393.4931458596;0.0;0.0;19000000.0
2017-09-30;6159000000.0;3900000000.0;117000000.0;361000000.0;13682000000.0;-239000000.0;11236000000.0;10000000.0;46806000000.0;11631000000.0;2088000000.0;2095000000.0;7000000.0;900000000.0;-67695500.27143559;1001000000.0;;16617000000.0;17809000000.0;148000000.0;2147000000.0;13269000000.0;29000000.0;426000000.0;250982344.8751841;640000000.0;61000000.0;-12000000.0;3935000000.0;4924298715.478867;517000000.0;39000000.0;204500000.0;40000000.0;64000000.0;0.0;459000000.0;4769000000.0;2012000000.0;;-22000000.0;57000000.0;-6000000.0;0.0;0.0;3586000000.0;392767437.10323805;1419000000.0;5451141731.994739;84000000.0;415000000.0;5000000.0;-835000000.0;-214500000.0;-352000000.0;158000000.0;14000000.0;172000000.0;6000000.0;38929647.375182174;184500000.0;0.0;5493000000.0;7000000.0;26004000000.0;46806000000.0;7647000000.0;12753000000.0;165021248.565595;6872000000.0;160500000.0;2040000000.0;-1065500000.0;485500000.0;909605777.7580278;-82230355.47754131;85000000.0;16000000.0;903000000.0;903000000.0;152000000.0;;2680554098.5755234;803604220.2983463;424448845.81946945;1085617000.2242074;150000000.0;784000000.0;-10000000.0;-1500000.0;-3000000.0;-9000000.0;500000.0;6000000.0;486000000.0;268000000.0;;15500000.0;92000000.0;-16000000.0;452000000.0;37000000.0;204500000.0;682500000.0;176500000.0;1029000000.0;0.0;11000000.0;5925500000.0;-7000000.0;4500000.0;2337100211.76689;39718000000.0;26036000000.0;45000000.0;1000000000.0;14605000000.0;19053000000.0;148000000.0;2735500000.0;4000000.0;154000000.0;11044000000.0;18694000000.0;157000000.0;371000000.0;411000000.0;12930000000.0;19802000000.0;24000000.0;3940000000.0;116000000.0;9118000000.0;873500000.0;-27245.56704894104;0.0;0.0;19000000.0
2017-12-31;6612500000.0;4256500000.0;114500000.0;500000000.0;14120000000.0;-236000000.0;12452500000.0;10000000.0;48585000000.0;13078000000.0;3370500000.0;3376000000.0;7000000.0;467500000.0;-79342621.98781675;617000000.0;;16993500000.0;18176500000.0;144500000.0;1962000000.0;15538000000.0;27500000.0;413000000.0;274675983.24502534;645500000.0;85000000.0;-15500000.0;3527500000.0;9082335608.98394;522500000.0;39000000.0;211750000.0;36000000.0;69000000.0;0.0;398000000.0;4793000000.0;2012000000.0;;-9500000.0;58500000.0;-4500000.0;1000000.0;-2000000.0;3586000000.0;353222580.93585366;838000000.0;3013656485.682344;85000000.0;218500000.0;5500000.0;-1145000000.0;-155250000.0;-396000000.0;170500000.0;16000000.0;192500000.0;5000000.0;56175025.52998498;198250000.0;0.0;5302000000.0;13500000.0;28252500000.0;48585000000.0;8009500000.0;14992500000.0;163578956.66269368;5373500000.0;169750000.0;2298500000.0;-921750000.0;174250000.0;478312648.72986436;-70914882.20836833;133500000.0;16000000.0;470000000.0;470000000.0;185500000.0;;1676304108.4386249;747300759.5427189;570626832.4426355;1230880908.4256654;149000000.0;801000000.0;-9500000.0;-1750000.0;-2500000.0;-9000000.0;750000.0;5000000.0;460500000.0;286000000.0;;8250000.0;61000000.0;-13500000.0;889500000.0;45000000.0;211750000.0;718750000.0;185750000.0;1077500000.0;0.0;11500000.0;7767750000.0;-7500000.0;5750000.0;1784939366.8033445;40447000000.0;26327000000.0;45000000.0;1000000000.0;15987500000.0;18873500000.0;144500000.0;3999750000.0;4000000.0;153500000.0;11894500000.0;18694000000.0;164500000.0;371000000.0;406500000.0;13959000000.0;19332500000.0;24000000.0;2900000000.0;109500000.0;10159000000.0;1100250000.0;-92526.30774352048;0.0;0.0;19000000.0
2018-03-31;7066000000.0;4613000000.0;112000000.0;639000000.0;14558000000.0;-233000000.0;13669000000.0;10000000.0;50364000000.0;14525000000.0;4653000000.0;4657000000.0;7000000.0;35000000.0;-91118459.62026817;233000000.0;;17370000000.0;18544000000.0;141000000.0;1777000000.0;17807000000.0;26000000.0;440000000.0;298369621.61486024;651000000.0;109000000.0;-19000000.0;3120000000.0;13240665340.2243;528000000.0;39000000.0;219000000.0;52000000.0;51000000.0;0.0;337000000.0;4817000000.0;2012000000.0;3000000.0;3000000.0;60000000.0;-3000000.0;2000000.0;-4000000.0;3586000000.0;313677724.7684693;257000000.0;576171239.3699474;86000000.0;22000000.0;6000000.0;-1455000000.0;-96000000.0;-440000000.0;183000000.0;18000000.0;213000000.0;4000000.0;73420403.68478774;212000000.0;0.0;5111000000.0;20000000.0;30501000000.0;50364000000.0;8372000000.0;17232000000.0;162136664.75979227;3875000000.0;179000000.0;2557000000.0;-778000000.0;-137000000.0;47019519.70170101;-59666496.68244667;182000000.0;16000000.0;37000000.0;37000000.0;219000000.0;;672054118.3017256;690997298.787091;716804819.0658021;1376144816.6271236;148000000.0;818000000.0;-9000000.0;-2000000.0;-2000000.0;-9000000.0;1000000.0;4000000.0;435000000.0;304000000.0;;1000000.0;30000000.0;-11000000.0;1327000000.0;53000000.0;219000000.0;755000000.0;195000000.0;1126000000.0;0.0;12000000.0;9610000000.0;-8000000.0;7000000.0;1232778521.8398023;41176000000.0;26618000000.0;45000000.0;1000000000.0;17370000000.0;18694000000.0;141000000.0;5264000000.0;4000000.0;153000000.0;12745000000.0;18694000000.0;172000000.0;371000000.0;402000000.0;14988000000.0;18863000000.0;24000000.0;1860000000.0;103000000.0;11200000000.0;1327000000.0;-157807.0484381218;0.0;0.0;19000000.0
2018-06-30;8113000000.0;4919000000.0;108000000.0;713000000.0;15054000000.0;-233000000.0;13688000000.0;10000000.0;51736000000.0;15548000000.0;4999000000.0;5004000000.0;7000000.0;1055000000.0;-84472429.26026341;1235000000.0;;19655000000.0;20734000000.0;138000000.0;2059000000.0;17801000000.0;26000000.0;427000000.0;304367881.53839254;659000000.0;107000000.0;17500000.0;3144000000.0;12915380720.420116;533000000.0;37000000.0;211000000.0;38000000.0;56000000.0;0.0;432000000.0;4838000000.0;2055619035.0429864;1000000.0;-12000000.0;68000000.0;-4000000.0;3000000.0;0.0;3586000000.0;452585712.10079664;1516000000.0;1804004527.1734796;80000000.0;281000000.0;15000000.0;-720500000.0;182500000.0;-329000000.0;195000000.0;16000000.0;229000000.0;5000000.0;42375813.59167573;226250000.0;0.0;5485000000.0;25000000.0;31915000000.0;51736000000.0;9715000000.0;17241000000.0;162136664.7597919;3860000000.0;182000000.0;1687750000.0;-963500000.0;303000000.0;1068973201.3882834;-49743275.99604069;160000000.0;20000000.0;1054000000.0;1054000000.0;1215000000.0;;1958914786.8661087;721369622.2376928;1099991085.664935;1713009722.9729;145000000.0;833000000.0;-9500000.0;-1750000.0;0.0;-7750000.0;250000.0;4000000.0;455000000.0;431000000.0;;-9000000.0;45000000.0;-13250000.0;885000000.0;39750000.0;252750000.0;876500000.0;227500000.0;1156000000.0;0.0;9500000.0;7858500000.0;-12500000.0;11250000.0;2376333327.3738985;41985000000.0;26931000000.0;48000000.0;1003000000.0;17370000000.0;18694000000.0;138000000.0;4455750000.0;5000000.0;160000000.0;13589000000.0;22317000000.0;199000000.0;;424000000.0;14958000000.0;18818000000.0;14000000.0;5980000000.0;122000000.0;12093000000.0;885000000.0;-119874.12121111364;1000000.0;1000000.0;21000000.0
2018-09-30;8016000000.0;5408000000.0;104000000.0;657000000.0;15559000000.0;-168000000.0;13703000000.0;10000000.0;53031000000.0;15873000000.0;4992000000.0;4995000000.0;7000000.0;802000000.0;-74836446.2078152;1006000000.0;2000000.0;20606000000.0;21729000000.0;149000000.0;1717000000.0;18968000000.0;26000000.0;414000000.0;330000000.0;689000000.0;105000000.0;54000000.0;3206000000.0;13117203978.231754;555000000.0;37000000.0;207000000.0;38000000.0;56000000.0;0.0;493000000.0;4910000000.0;2060060546.3524296;-1000000.0;-20000000.0;84000000.0;-4000000.0;1000000.0;0.0;3713000000.0;411922159.02745324;1163000000.0;-17102196982.39615;96000000.0;222000000.0;24000000.0;14000000.0;461000000.0;-218000000.0;240000000.0;21000000.0;233000000.0;9000000.0;11331223.498563677;240500000.0;0.0;5339000000.0;26000000.0;32997000000.0;53031000000.0;9634000000.0;18423000000.0;162136664.75979227;3865000000.0;186000000.0;818500000.0;-1149000000.0;743000000.0;1092940174.6617253;-43024253.223329425;185000000.0;19000000.0;737000000.0;737000000.0;922000000.0;-3000000.0;-4624820893.844313;613000000.0;2153000000.0;2680000000.0;134000000.0;818000000.0;-10000000.0;-1500000.0;65000000.0;-6500000.0;-500000.0;4000000.0;465000000.0;442000000.0;;-19000000.0;47000000.0;-15500000.0;400000000.0;26500000.0;286500000.0;998000000.0;260000000.0;1045000000.0;0.0;7000000.0;6107000000.0;-17000000.0;15500000.0;1927663499.4313264;43276000000.0;27717000000.0;36000000.0;1003000000.0;17370000000.0;18694000000.0;138000000.0;3647500000.0;3000000.0;152000000.0;14119000000.0;22988000000.0;201000000.0;;445000000.0;15166000000.0;19031000000.0;15000000.0;5580000000.0;123000000.0;12495000000.0;400000000.0;-245407.53703904664;0.0;0.0;21000000.0
2018-12-31;9292000000.0;6150500000.0;277500000.0;1093000000.0;16175000000.0;-159500000.0;23733500000.0;9500000.0;74733500000.0;17012000000.0;2934500000.0;2951500000.0;8500000.0;394000000.0;-583868397.060633;629000000.0;2000000.0;23283000000.0;24830500000.0;176500000.0;2703000000.0;23769500000.0;288000000.0;414000000.0;330000000.0;910000000.0;115500000.0;90500000.0;4108500000.0;25269513941.2242;737000000.0;35000000.0;282000000.0;38000000.0;56000000.0;0.0;725500000.0;5734000000.0;5124778111.126507;-3000000.0;-13000000.0;74500000.0;-3000000.0;107500000.0;0.0;11971000000.0;247405698.2497512;763000000.0;-2370430120.388672;97500000.0;163000000.0;33000000.0;748500000.0;739500000.0;-107000000.0;273000000.0;26500000.0;286500000.0;9500000.0;-19713366.59454835;254750000.0;-4166854932.458621;7586000000.0;17500000.0;42785500000.0;74733500000.0;12390500000.0;22994000000.0;414056983.7999087;6386000000.0;245500000.0;-50750000.0;-1334500000.0;1183000000.0;504019367.8174188;-192648535.5295341;215500000.0;19500000.0;365000000.0;365000000.0;580500000.0;-3000000.0;-123814990.81839234;613000000.0;2153000000.0;2680000000.0;341000000.0;2272500000.0;-10500000.0;-1250000.0;29000000.0;-5250000.0;-1250000.0;8762328.629855627;604500000.0;685500000.0;;-29000000.0;41000000.0;-17750000.0;642500000.0;13250000.0;320250000.0;1119500000.0;292500000.0;1306000000.0;0.0;4500000.0;4355500000.0;-21500000.0;19750000.0;766802551.9065868;52579000000.0;36404000000.0;34500000.0;1004000000.0;21029507318.66046;23694548478.75503;138000000.0;2839250000.0;17000000.0;183000000.0;14255000000.0;22857333333.333332;193500000.0;;656000000.0;24558500000.0;30944500000.0;21500000.0;4800000000.0;154500000.0;13279000000.0;642500000.0;-172279.31331966748;0.0;0.0;126000000.0
2019-03-31;10568000000.0;6893000000.0;451000000.0;1529000000.0;16791000000.0;-151000000.0;33764000000.0;9000000.0;96436000000.0;18151000000.0;877000000.0;908000000.0;10000000.0;-14000000.0;-1130739405.1808596;252000000.0;2000000.0;25960000000.0;27932000000.0;204000000.0;3689000000.0;28571000000.0;550000000.0;414000000.0;330000000.0;1131000000.0;126000000.0;127000000.0;5011000000.0;37587185695.54057;919000000.0;33000000.0;357000000.0;-62109356.831613734;136166573.36956674;0.0;958000000.0;6558000000.0;8189495675.900616;-5000000.0;-6000000.0;65000000.0;-2000000.0;214000000.0;0.0;20229000000.0;272000000.0;363000000.0;12361336741.618813;99000000.0;104000000.0;42000000.0;1483000000.0;1018000000.0;4000000.0;306000000.0;32000000.0;340000000.0;10000000.0;-50757956.68766038;269000000.0;0.0;9833000000.0;9000000.0;52574000000.0;96436000000.0;15147000000.0;27565000000.0;665977302.8400252;8907000000.0;305000000.0;-920000000.0;-1520000000.0;1623000000.0;-84901439.02688742;-342615060.26104665;246000000.0;20000000.0;-7000000.0;-7000000.0;239000000.0;-3000000.0;4868725179.999832;613000000.0;2153000000.0;2680000000.0;548000000.0;3727000000.0;-11000000.0;-1000000.0;-7000000.0;-4000000.0;-2000000.0;12151405.738572406;744000000.0;929000000.0;;-39000000.0;35000000.0;-20000000.0;885000000.0;0.0;354000000.0;1241000000.0;325000000.0;1567000000.0;0.0;2000000.0;2604000000.0;-26000000.0;24000000.0;-341676068.88067985;61882000000.0;45091000000.0;33000000.0;1004000000.0;22897254232.864563;25595148542.202515;138000000.00000033;2031000000.0;31000000.0;214000000.0;14391000000.0;22726666666.666668;186000000.0;;867000000.0;33951000000.0;42858000000.0;28000000.0;4020000000.0;186000000.0;14063000000.0;885000000.0;0.0;0.0;0.0;231000000.0
2019-06-30;10905000000.0;7603000000.0;449000000.0;1223000000.0;17567000000.0;-161000000.0;33785000000.0;10000000.0;96896000000.0;18396000000.0;1247000000.0;1249000000.0;10000000.0;1096000000.0;-1134892319.2455335;1357000000.0;1000000.0;29682000000.0;31628000000.0;183000000.0;3468000000.0;28855000000.0;554000000.0;837364195.7945974;324000000.0;1174000000.0;124000000.0;-77500000.0;5235000000.0;37818796117.561554;886000000.0;3000000.0;351000000.0;-54192322.94800545;140292769.87721494;0.0;778000000.0;6729000000.0;8413751651.211009;-5200000.0;-1000000.0;65000000.0;-1000000.0;4000000.0;0.0;20277000000.0;272000000.0;1720000000.0;13614995389.497292;107000000.0;353000000.0;29250000.0;268500000.0;299500000.0;102250000.0;322000000.0;35000000.0;350000000.0;13000000.0;-53114105.23970106;276750000.0;0.0;9088000000.0;9000000.0;52830000000.0;96896000000.0;14890000000.0;27853000000.0;669823414.5810957;8854000000.0;295000000.0;-184750000.0;-1412000000.0;1025250000.0;963879400.9502208;-353741775.15511936;240000000.0;21000000.0;1106000000.0;1106000000.0;1346000000.0;3000000.0;6177998828.978352;615000000.0;2068000000.0;2588000000.0;458000000.0;3571000000.0;-11000000.0;-1750000.0;-10000000.0;-5250000.0;-1750000.0;14230804.376970138;801000000.0;815000000.0;;-29500000.0;30000000.0;-17500000.0;500000000.0;0.0;359750000.0;1168500000.0;323750000.0;1610000000.0;0.0;2500000.0;3015500000.0;-23250000.0;30000000.0;830127721.6783063;62902000000.0;45335000000.0;35000000.0;1005000000.0;25653166960.797943;28693632591.78232;140697252.34206092;1903500000.0;2000000.0;218000000.0;15146000000.0;22596000000.0;186000000.0;;886000000.0;34207000000.0;43061000000.0;11000000.0;3520000000.0;174000000.0;14573000000.0;500000000.0;0.0;0.0;0.0;202000000.0
2019-09-30;11380000000.0;7461000000.0;447000000.0;1015000000.0;18256000000.0;-212000000.0;33125000000.0;21000000.0;98139000000.0;19139000000.0;1525000000.0;1348000000.0;10000000.0;1044000000.0;-1139923769.1191578;1316000000.0;-596000000.0;24345000000.0;26008000000.0;184000000.0;3415000000.0;29294000000.0;557000000.0;846402888.3327423;318000000.0;1265000000.0;137000000.0;-282000000.0;6180000000.0;33783009552.852528;761000000.0;15000000.0;350000000.0;-45539067.44155981;149837833.9029036;0.0;939000000.0;6725000000.0;8856859075.760992;-5400000.0;9000000.0;54000000.0;-2000000.0;2000000.0;0.0;21277000000.0;272000000.0;1368000000.0;-10536000000.0;104000000.0;255000000.0;16500000.0;-946000000.0;-419000000.0;200500000.0;312000000.0;44000000.0;349000000.0;13000000.0;-55470253.79174173;284500000.0;0.0;9696000000.0;12000000.0;54515000000.0;98139000000.0;15339000000.0;28282000000.0;1710000000.0;8918000000.0;289000000.0;550500000.0;-1304000000.0;427500000.0;-9234000000.0;-366319579.09029084;252000000.0;20000000.0;1095000000.0;1095000000.0;1347000000.0;6000000.0;-5744859325.948496;586000000.0;1962000000.0;2522000000.0;457000000.0;3442000000.0;-11000000.0;-2500000.0;-51000000.0;-6500000.0;-1500000.0;10497279.025758095;907000000.0;862000000.0;;-20000000.0;30000000.0;-15000000.0;500000000.0;0.0;365500000.0;1096000000.0;322500000.0;1487000000.0;0.0;3000000.0;3427000000.0;-20500000.0;36000000.0;-10218000000.0;63290000000.0;45034000000.0;30000000.0;968000000.0;15318094090.070953;19468735610.152313;140242058.83156013;1776000000.0;3000000.0;222000000.0;15891000000.0;22465333333.333332;16000000.0;;761000000.0;33738000000.0;42656000000.0;30000000.0;3020000000.0;141000000.0;15076000000.0;500000000.0;0.0;0.0;0.0;201000000.0
2019-12-31;9743000000.0;6522000000.0;432500000.0;1056500000.0;19196500000.0;-269000000.0;33147000000.0;19500000.0;92228000000.0;17416000000.0;1607500000.0;1476500000.0;10000000.0;-4098000000.0;-973086774.28322;-4454000000.0;-301500000.0;22343500000.0;29580000000.0;189500000.0;3566000000.0;30667000000.0;1133500000.0;674419310.0875326;310000000.0;1247000000.0;133000000.0;-486500000.0;5976000000.0;43897364987.7417;812000000.0;15500000.0;363500000.0;-53553752.83145405;186625106.361573;0.0;1023000000.0;6190500000.0;7747692266.967571;-5600000.0;11500000.0;49500000.0;-1500000.0;2500000.0;0.0;16993500000.0;-356000000.0;-5559500000.0;-10536000000.0;-564500000.0;-848000000.0;3750000.0;-2160500000.0;-1137500000.0;298750000.0;322000000.0;40500000.0;352000000.0;18000000.0;-57826402.3437824;292250000.0;1592500000.0;8570500000.0;9000000.0;54318000000.0;92228000000.0;14454000000.0;29090500000.0;1710000000.0;8029000000.0;294500000.0;1285750000.0;-1196000000.0;-170250000.0;-9234000000.0;-227088414.4318892;-376000000.0;20000000.0;-4069500000.0;-4069500000.0;-4445500000.0;1500000.0;-8949929662.974253;608000000.0;1955500000.0;2542000000.0;716000000.0;3902500000.0;-11000000.0;-3250000.0;-28500000.0;-7750000.0;-1250000.0;9168082.186905144;953500000.0;890000000.0;;-10500000.0;26500000.0;-12500000.0;250000000.0;0.0;371250000.0;1023500000.0;321250000.0;1595000000.0;0.0;3500000.0;3838500000.0;-17750000.0;42000000.0;-10218000000.0;64380000000.0;45183500000.0;29500000.0;968000000.0;17242033391.000366;22738205152.49273;140453647.8820812;1648500000.0;3500000.0;227000000.0;11135500000.0;22397198323.848328;23000000.0;;751500000.0;28913000000.0;36942000000.0;23000000.0;2990000000.0;169500000.0;15110500000.0;569142857.1428572;0.0;0.0;0.0;114000000.0
2020-03-31;8106000000.0;5583000000.0;418000000.0;1098000000.0;20137000000.0;-326000000.0;33169000000.0;18000000.0;86317000000.0;15693000000.0;1690000000.0;1605000000.0;10000000.0;-9240000000.0;-806249779.4472828;-10224000000.0;-7000000.0;20342000000.0;33152000000.0;195000000.0;3717000000.0;32040000000.0;1710000000.0;502435731.8423233;302000000.0;1229000000.0;129000000.0;-691000000.0;5772000000.0;54011720422.63092;863000000.0;16000000.0;377000000.0;-61568438.22134821;223412378.82024238;0.0;1107000000.0;5656000000.0;6666459973.137631;-5800000.0;14000000.0;45000000.0;-1000000.0;3000000.0;0.0;12710000000.0;-984000000.0;-12487000000.0;-10536000000.0;-1233000000.0;-1951000000.0;-9000000.0;-3375000000.0;-1856000000.0;397000000.0;332000000.0;37000000.0;355000000.0;23000000.0;-60182550.89582309;300000000.0;3185000000.0;7445000000.0;6000000.0;54121000000.0;86317000000.0;13569000000.0;29899000000.0;1710000000.0;7140000000.0;300000000.0;2021000000.0;-1088000000.0;-768000000.0;-9234000000.0;-87857249.7734867;-1004000000.0;20000000.0;-9234000000.0;-9234000000.0;-10238000000.0;-3000000.0;-12155000000.0;630000000.0;1949000000.0;2562000000.0;975000000.0;4363000000.0;-11000000.0;-4000000.0;-6000000.0;-9000000.0;-1000000.0;7838885.348052183;1000000000.0;918000000.0;;-1000000.0;23000000.0;-10000000.0;0.0;0.0;377000000.0;951000000.0;320000000.0;1703000000.0;0.0;4000000.0;4250000000.0;-15000000.0;48000000.0;-10218000000.0;65470000000.0;45333000000.0;29000000.0;968000000.0;19165972691.92978;26007674694.833145;140411336.1374351;1521000000.0;4000000.0;248000000.0;6380000000.0;22204000000.0;30000000.0;;742000000.0;24088000000.0;31228000000.0;16000000.0;2960000000.0;198000000.0;15145000000.0;638285714.2857143;0.0;0.0;0.0;27000000.0
2020-06-30;6110000000.0;4361000000.0;412000000.0;1272000000.0;20979000000.0;-336000000.0;33208000000.0;18000000.0;84593000000.0;14643000000.0;1091000000.0;966000000.0;10000000.0;-1000000.0;-798165957.09425;266000000.0;6000000.0;11502000000.0;11725000000.0;158000000.0;3163000000.0;32605000000.0;1715000000.0;482112436.5670975;296000000.0;1285000000.0;143000000.0;-512250000.0;5914000000.0;54687738271.00972;833000000.0;98000000.0;380000000.0;-61005434.251299724;226566029.89274964;0.0;815000000.0;5740000000.0;6818136003.896641;-6000000.0;-7000000.0;51000000.0;-1000000.0;2000000.0;0.0;12710000000.0;267000000.0;234000000.0;84000000.0;79000000.0;150000000.0;-6500000.0;-2076000000.0;-961250000.0;399750000.0;341000000.0;34000000.0;371000000.0;7000000.0;-27120744.73769079;309000000.0;-1470000000.0;8086000000.0;2000000.0;52776000000.0;84593000000.0;11504000000.0;30451000000.0;1715000000.0;7108000000.0;279000000.0;1519750000.0;-882750000.0;-462500000.0;9000000.0;-103875340.56463209;246000000.0;21000000.0;9000000.0;9000000.0;255000000.0;-1000000.0;575000000.0;625000000.0;1850000000.0;2454000000.0;1105000000.0;4021000000.0;-10750000.0;-3500000.0;-10000000.0;-10250000.0;-750000.0;2576725.9750360455;1028000000.0;967000000.0;;-13500000.0;24000000.0;-32000000.0;0.0;11345065.744130822;377500000.0;789250000.0;320000000.0;1772000000.0;0.0;8750000.0;4883750000.0;-15750000.0;55000000.0;276000000.0;66004000000.0;45025000000.0;28000000.0;968000000.0;5611721466.477112;10384834305.556953;141412442.30192256;2794000000.0;2000000.0;238000000.0;6008000000.0;12195000000.0;20000000.0;;665000000.0;23741000000.0;30849000000.0;30000000.0;2960000000.0;170000000.0;15149000000.0;707428571.4285715;0.0;0.0;0.0;25000000.0
2020-09-30;6701000000.0;4911000000.0;388000000.0;1023000000.0;19567000000.0;-334000000.0;33183000000.0;22000000.0;84020000000.0;26200000000.0;618000000.0;620000000.0;10000000.0;-884000000.0;-603451960.9149699;-607000000.0;-16000000.0;16673000000.0;18605000000.0;187000000.0;2481000000.0;32345000000.0;2500000000.0;405998824.99912876;309000000.0;1248000000.0;159000000.0;-333500000.0;5703000000.0;61037278600.69469;830000000.0;1000000.0;379000000.0;-24070890.199675307;204364114.53249362;0.0;878000000.0;5462000000.0;6124598112.241703;-11000000.0;-12000000.0;61000000.0;-2000000.0;1000000.0;0.0;8256000000.0;277000000.0;-1416000000.0;-980000000.0;117000000.0;-436000000.0;-4000000.0;-777000000.0;-66500000.0;402500000.0;359000000.0;32000000.0;376000000.0;10000000.0;-28058630.492330432;318000000.0;-530000000.0;7403000000.0;1000000.0;53506000000.0;84020000000.0;14246000000.0;29377000000.0;2500000000.0;7093000000.0;301000000.0;1018500000.0;-677500000.0;-157000000.0;-886000000.0;-22624344.188984774;257000000.0;20000000.0;-886000000.0;9000000.0;-629000000.0;6000000.0;-1057000000.0;531000000.0;1116000000.0;1640000000.0;2199000000.0;2705000000.0;-10500000.0;-3000000.0;2000000.0;-11500000.0;-500000.0;5986241.6492430745;909000000.0;900000000.0;;-26000000.0;22000000.0;-54000000.0;0.0;10965733.249142965;378000000.0;627500000.0;320000000.0;1816000000.0;0.0;13500000.0;5517500000.0;-16500000.0;62000000.0;-609000000.0;59324000000.0;39757000000.0;7000000.0;968000000.0;9961518400.834412;15416265379.536835;147156419.8508702;4067000000.0;2000000.0;238000000.0;4744000000.0;17408000000.0;35000000.0;;673000000.0;22453000000.0;29546000000.0;19000000.0;2960000000.0;178000000.0;15150000000.0;776571428.5714285;0.0;0.0;0.0;20000000.0
2020-12-31;8327000000.0;6189500000.0;390500000.0;1028500000.0;20304000000.0;-422500000.0;33202500000.0;33000000.0;85335500000.0;28280500000.0;621000000.0;622500000.0;10000000.0;-562500000.0;-595677884.1642842;-271000000.0;-70000000.0;18878500000.0;20635000000.0;195000000.0;2598000000.0;32640000000.0;2143000000.0;372412383.42035574;307500000.0;1230500000.0;154000000.0;-154750000.0;5959000000.0;61269574210.018936;837000000.0;6000000.0;379000000.0;-21960857.89246975;215307762.4149646;;689500000.0;5448500000.0;6162996368.43561;-8000000.0;-9000000.0;63500000.0;-2500000.0;2000000.0;;8256000000.0;291500000.0;-776000000.0;-575000000.0;104000000.0;-201000000.0;-1500000.0;522000000.0;828250000.0;405250000.0;356000000.0;24500000.0;363500000.0;15000000.0;-28996516.246970072;327000000.0;-265000000.0;7905000000.0;1000000.0;55339000000.0;85335500000.0;15165500000.0;30035500000.0;2143000000.0;7006000000.0;300500000.0;517250000.0;-472250000.0;148500000.0;-564000000.0;-16256486.293992816;271500000.0;20000000.0;-564000000.0;9000000.0;-292500000.0;3000000.0;-420000000.0;503000000.0;1061500000.0;1577000000.0;2447000000.0;2649500000.0;-10250000.0;-2500000.0;1500000.0;-12750000.0;-250000.0;7447783.937870946;907500000.0;822000000.0;;-38500000.0;49500000.0;-76000000.0;0.0;10586400.754155105;378500000.0;465750000.0;320000000.0;1887000000.0;0.0;18250000.0;6151250000.0;-17250000.0;69000000.0;-272500000.0;59339000000.0;39035000000.0;6500000.0;968000000.0;11620237371.037262;16581195272.6199;143786585.36585084;5340000000.0;1000000.0;238000000.0;4386500000.0;20059500000.0;39000000.0;;624000000.0;22022500000.0;29028500000.0;18000000.0;4980000000.0;170000000.0;15154000000.0;405708014.90145844;0.0;0.0;0.0;20000000.0
2021-03-31;9953000000.0;7468000000.0;393000000.0;1034000000.0;21048000000.0;-511000000.0;33222000000.0;44000000.0;86651000000.0;30361000000.0;624000000.0;625000000.0;10000000.0;-241000000.0;-588182813.935012;65000000.0;-124000000.0;21084000000.0;22665000000.0;203000000.0;2715000000.0;32935000000.0;1786000000.0;339825967.25504494;306000000.0;1213000000.0;149000000.0;24000000.0;6215000000.0;61536910032.901535;844000000.0;11000000.0;379000000.0;-21320563.719127014;227067626.4469585;;501000000.0;5435000000.0;6190417307.5349655;-5000000.0;-6000000.0;66000000.0;-3000000.0;3000000.0;;8256000000.0;306000000.0;-136000000.0;-170000000.0;91000000.0;34000000.0;1000000.0;1821000000.0;1723000000.0;408000000.0;353000000.0;17000000.0;351000000.0;20000000.0;-71177910.80534622;336000000.0;0.0;8407000000.0;1000000.0;57172000000.0;86651000000.0;16085000000.0;30694000000.0;1786000000.0;6919000000.0;300000000.0;16000000.0;-267000000.0;454000000.0;-242000000.0;-11160473.046790672;286000000.0;20000000.0;-242000000.0;9000000.000005886;44000000.0;0.0;217000000.0;475000000.0;1007000000.0;1514000000.0;2695000000.0;2594000000.0;-10000000.0;-2000000.0;1000000.0;-14000000.0;0.0;8909326.226498667;906000000.0;744000000.0;;-51000000.0;77000000.0;-98000000.0;0.0;0.0;379000000.0;304000000.0;320000000.0;1958000000.0;0.0;23000000.0;6785000000.0;-18000000.0;76000000.0;64000000.0;59539000000.0;38491000000.0;6000000.0;968000000.0;13278956341.240082;17746125165.702938;140416750.8808312;6613000000.0;1000000.0;251258267.76789573;4029000000.0;22711000000.0;43000000.0;;575000000.0;21592000000.0;28511000000.0;17000000.0;7000000000.0;162000000.0;15158000000.0;25695859.0843969;0.0;;;20000000.0
2021-06-30;12170000000.0;9771000000.0;397000000.0;5219000000.0;21798000000.0;-340000000.0;33238000000.0;44000000.0;94300000000.0;38592000000.0;11839000000.0;11839000000.0;10000000.0;8683000000.0;-616940503.0245225;8973000000.0;-148000000.0;27177000000.0;28862000000.0;219000000.0;2780000000.0;28761000000.0;70000000.0;414189575.4709751;297000000.0;1271000000.0;144000000.0;5000000.0;5704000000.0;59069012162.55151;871000000.0;46000000.0;381000000.0;-37331933.35541637;193815498.21015427;;651000000.0;5424000000.0;5190406149.195974;-39000000.0;-39000000.0;102000000.0;-3000000.0;0.0;;8256000000.0;290000000.0;593000000.0;588000000.0;93000000.0;5000000.0;750000.0;3045000000.0;2449000000.0;661750000.0;372000000.0;19000000.0;337000000.0;0.0;-55535862.49999032;321500000.0;0.0;8879000000.0;2000000.0;57607000000.0;94300000000.0;19512000000.0;28250000000.0;70000000.0;6804000000.0;272000000.0;-579000000.0;226750000.0;968750000.0;8512000000.0;-36366478.76813128;269000000.0;21000000.0;8512000000.0;16469929465.383112;8781000000.0;56000000.0;965000000.0;473000000.0;1020000000.0;1500000000.0;2685000000.0;2532000000.0;-11500000.0;-1500000.0;171000000.0;-12000000.0;-250000.0;2603880.0780110736;921000000.0;929000000.0;;-60000000.0;119000000.0;-127250000.0;984000000.0;4000000.0;366750000.0;351750000.0;317750000.0;1850000000.0;0.0;41250000.0;5685000000.0;-19500000.0;58750000.0;8802000000.0;59794000000.0;37996000000.0;6000000.0;968000000.0;19215399194.52768;23285551302.280544;128529613.79837677;5264250000.0;0.0;-426737915.77919996;12160000000.0;29615000000.0;11000000.0;;625000000.0;28921000000.0;35725000000.0;47000000.0;9020000000.0;189000000.0;16147000000.0;984000000.0;0.0;;;57227508.608050786
2021-09-30;12196000000.0;9511000000.0;389000000.0;2114000000.0;22527000000.0;-344000000.0;33256000000.0;43000000.0;89300000000.0;34143000000.0;5874000000.0;5875000000.0;10000000.0;690000000.0;-629282108.1223023;1026000000.0;-130000000.0;29563000000.0;31273000000.0;251000000.0;2959000000.0;27765000000.0;73000000.0;407228588.09794545;284000000.0;1294000000.0;138000000.0;-14000000.0;5545000000.0;59829733099.228836;836000000.0;85000000.0;370000000.0;-50472717.35956259;197273722.57070825;;808000000.0;5384000000.0;5325380221.191766;-6000000.0;-7000000.0;104000000.0;-5000000.0;0.0;;8256000000.0;336000000.0;1012000000.0;1030000000.0;122000000.0;-18000000.0;500000.0;4269000000.0;3175000000.0;915500000.0;328000000.0;18000000.0;331000000.0;10000000.0;-39893814.19463443;307000000.0;0.0;9211000000.0;5000000.0;53336000000.0;89300000000.0;16898000000.0;27270000000.0;73000000.0;6698000000.0;290000000.0;-1174000000.0;720500000.0;1483500000.0;694000000.0;-47436128.158868626;298000000.0;38000000.0;694000000.0;1025866765.2650944;992000000.0;10000000.0;1340000000.0;444000000.0;975000000.0;1424000000.0;2175000000.0;2463000000.0;-13000000.0;-1000000.0;-4000000.0;-10000000.0;-500000.0;9695586.751399301;949000000.0;1263000000.0;;-69000000.0;170000000.0;-156500000.0;928000000.0;8000000.0;354500000.0;399500000.0;315500000.0;1354000000.0;0.0;59500000.0;4585000000.0;-21000000.0;41500000.0;1030000000.0;60157000000.0;37630000000.0;6000000.0;986000000.0;23185678213.250336;27133130143.28447;109241853.98629417;3915500000.0;0.0;-450727848.77128637;12484000000.0;32321000000.0;13000000.0;;681000000.0;28280000000.0;34978000000.0;33000000.0;8040000000.0;193000000.0;17126000000.0;978000000.0;0.0;;;75937413.96637684
2021-12-31;15993500000.0;12586000000.0;402500000.0;1231000000.0;22527000000.0;-209000000.0;33291500000.0;41000000.0;90126000000.0;35265500000.0;6511000000.0;6513000000.0;10000000.0;764000000.0;-621785872.2382201;1095500000.0;-109000000.0;32315500000.0;33970500000.0;266500000.0;2887000000.0;27448500000.0;574000000.0;406095805.1287654;282000000.0;1327000000.0;140500000.0;-33000000.0;5558000000.0;58571964236.048965;820500000.0;60500000.0;350000000.0;-60287443.14764573;236174549.54074946;;892000000.0;5449000000.0;5863181809.023463;-500000.0;-1500000.0;108000000.0;-5000000.0;0.0;;8256000000.0;331500000.0;1233000000.0;1101000000.0;132000000.0;132000000.0;250000.0;5493000000.0;3901000000.0;1169250000.0;295000000.0;20500000.0;320500000.0;6000000.0;-24251765.88927854;292500000.0;0.0;9346500000.0;5000000.0;56494500000.0;90126000000.0;21009000000.0;26452000000.0;574000000.0;6530000000.0;290000000.0;-1769000000.0;1214250000.0;1998250000.0;769500000.0;-38070407.728712864;302000000.0;29500000.0;769500000.0;913454991.6668153;1071500000.0;-5500000.0;1528000000.0;432000000.0;940000000.0;1377500000.0;1411500000.0;2390500000.0;-14500000.0;-500000.0;-5500000.0;-8000000.0;-750000.0;10832333.35479713;970500000.0;1215000000.0;;-78000000.0;186000000.0;-185750000.0;1887000000.0;12000000.0;342250000.0;447250000.0;313250000.0;1208500000.0;0.0;77750000.0;3485000000.0;-22500000.0;24250000.0;1101000000.0;60157000000.0;37630000000.0;6000000.0;975500000.0;23983288595.755096;27265380049.5448;114934480.23926862;2566750000.0;0.0;31069872.900580525;12952000000.0;35189500000.0;16000000.0;;642000000.0;26126000000.0;32656000000.0;61000000.0;7750000000.0;192500000.0;19918500000.0;1892500000.0;0.0;;;105180755.16947278
2022-03-31;19791000000.0;15661000000.0;416000000.0;1691000000.0;22527000000.0;-74000000.0;33327000000.0;39000000.0;90952000000.0;36388000000.0;7148000000.0;7151000000.0;10000000.0;838000000.0;-614289636.3541383;1165000000.0;-88000000.0;35068000000.0;36668000000.0;282000000.0;2815000000.0;27132000000.0;1075000000.0;404963022.15958536;280000000.0;1360000000.0;143000000.0;-52000000.0;5571000000.0;57073923005.35167;805000000.0;36000000.0;330000000.0;-70102168.93572895;275075376.5107906;;976000000.0;5514000000.0;6400983396.855164;5000000.0;4000000.0;99000000.0;-5000000.0;0.0;0.0;8256000000.0;327000000.0;1454000000.0;1172000000.0;142000000.0;282000000.0;0.0;6717000000.0;4627000000.0;1423000000.0;262000000.0;23000000.0;310000000.0;2000000.0;-8609717.583922647;278000000.0;0.0;9482000000.0;5000000.0;59653000000.0;90952000000.0;25120000000.0;25634000000.0;1075000000.0;6362000000.0;290000000.0;-2364000000.0;1708000000.0;2513000000.0;845000000.0;-28704687.29855689;306000000.0;21000000.0;845000000.0;801043218.0685335;1151000000.0;-21000000.0;1716000000.0;420000000.0;905000000.0;1331000000.0;648000000.0;2318000000.0;-16000000.0;0.0;-7000000.0;-6000000.0;-1000000.0;11969079.958194999;992000000.0;1167000000.0;;-87000000.0;202000000.0;-215000000.0;2846000000.0;16000000.0;330000000.0;495000000.0;311000000.0;1063000000.0;0.0;96000000.0;2385000000.0;-24000000.0;7000000.0;1172000000.0;60157000000.0;37630000000.0;6000000.0;965000000.0;24780898978.259857;27397629955.805138;120627106.49223256;1218000000.0;1236303.3160786282;512867594.57249045;13420000000.0;38058000000.0;19000000.0;;603000000.0;23972000000.0;30334000000.0;89000000.0;7460000000.0;192000000.0;22711000000.0;2807000000.0;0.0;;;134424096.3725688
2022-06-30;22502000000.0;17305000000.0;396000000.0;1691000000.0;;-65000000.0;33378000000.0;39000000.0;96737000000.0;42413000000.0;9078000000.0;9083000000.0;10000000.0;5882000000.0;-2537449305.5842285;6226000000.0;-42000000.0;44207000000.0;45910000000.0;297000000.0;4174000000.0;27178000000.0;1087000000.0;7867782560.056016;264000000.0;1390000000.0;140000000.0;-40250000.0;5542000000.0;42953605163.23752;819000000.0;2000000.0;310000000.0;-251541280.07388756;246124367.2591129;;619000000.0;5508000000.0;6296551329.950615;3000000.0;4000000.0;92000000.0;-3000000.0;;0.0;8244000000.0;344000000.0;8016000000.0;6217000000.0;147000000.0;1799000000.0;-4500000.0;4511500000.0;2513250000.0;1427500000.0;312000000.0;25000000.0;324000000.0;4000000.0;-8771283.734722458;294000000.0;-8231519231.328291;11048000000.0;18000000.0;63068000000.0;96737000000.0;28437000000.0;25687000000.0;1087000000.0;6398000000.0;267000000.0;-2749750000.0;1077000000.0;2899000000.0;5873000000.0;-655179291.5306104;323000000.0;21000000.0;5870000000.0;4244998430.9791746;6196000000.0;32000000.0;8328000000.0;391000000.0;879000000.0;1276000000.0;741000000.0;2234000000.0;-16000000.0;750000.0;9000000.0;-4000000.0;-1750000.0;16075728.993665133;1060000000.0;1254000000.0;;-127250000.0;257000000.0;-202250000.0;3331000000.0;15750000.0;331750000.0;485500000.0;315500000.0;1133000000.0;0.0;76250000.0;2186000000.0;-25750000.0;6000000.0;6217000000.0;53997794160.08977;34793873028.63065;5000000.0;965000000.0;31160113533.106873;33763020702.176125;107573314.12339881;1168750000.0;2770389.0958265737;220578654.47262672;18983000000.0;53795000000.0;21000000.0;;694000000.0;26306000000.0;32704000000.0;69000000.0;4170000000.0;190000000.0;26000000000.0;3285000000.0;3000000.0;;;180001212.24638033
2022-09-30;16682000000.0;13458000000.0;383000000.0;1691000000.0;;-179000000.0;33363000000.0;39000000.0;89694000000.0;35285000000.0;7376000000.0;7383000000.0;10000000.0;4363000000.0;-2854566747.019695;4906000000.0;-173000000.0;38821000000.0;40551000000.0;315000000.0;3565000000.0;27101000000.0;1064000000.0;8847693902.597792;254000000.0;1213000000.0;145000000.0;-28500000.0;5610000000.0;44372549327.19047;794000000.0;0.0;285000000.0;-225279619.12934098;255820754.33791667;;773000000.0;6493000000.0;6006495529.275558;42000000.0;44000000.0;46000000.0;-2000000.0;;-2000000.0;8244000000.0;543000000.0;6446000000.0;5020000000.0;180000000.0;1426000000.0;-9000000.0;2306000000.0;399500000.0;1432000000.0;240000000.0;29000000.0;332000000.0;10000000.0;-8932849.885522287;310000000.0;-746580385.9436588;9834000000.0;59000000.0;55919000000.0;89694000000.0;21314000000.0;25638000000.0;1064000000.0;6504000000.0;288000000.0;-3135500000.0;446000000.0;3285000000.0;4477000000.0;-766986163.1824262;520000000.0;23000000.0;4475000000.0;3486527286.596242;4997000000.0;-7000000.0;6686000000.0;355000000.0;839000000.0;1200000000.0;858000000.0;3088000000.0;-16000000.0;1500000.0;-114000000.0;-2000000.0;-2500000.0;14123070.846925523;1081000000.0;1398000000.0;;-167500000.0;219000000.0;-189500000.0;3908000000.0;15500000.0;333500000.0;476000000.0;320000000.0;1305000000.0;0.0;56500000.0;1987000000.0;-27500000.0;5000000.0;5020000000.0;59401731093.20093;38960252076.9586;6000000.0;967000000.0;26859690745.950897;31390573648.468307;114892094.33807594;1119500000.0;3742788.8977590017;-458298814.39072657;23175000000.0;45787000000.0;16000000.0;;712000000.0;26304000000.0;32808000000.0;32000000.0;5110000000.0;224000000.0;30065000000.0;4065000000.0;2000000.0;;;145612545.57815593
2022-12-31;14856500000.0;11800500000.0;383000000.0;;;2000000.0;33385500000.0;35500000.0;88365500000.0;33885500000.0;7668000000.0;8631000000.0;10000000.0;3538000000.0;-2908875753.7195506;3989500000.0;-385000000.0;34057500000.0;35783500000.0;313000000.0;3692000000.0;27380000000.0;569500000.0;9016359219.121256;240000000.0;1213500000.0;149000000.0;-16750000.0;5751500000.0;56822544021.08879;797000000.0;32500000.0;310500000.0;-231254123.0310252;272199864.27422434;;704500000.0;6559500000.0;5517933836.659492;21000000.0;22000000.0;61000000.0;500000.0;;-5500000.0;8244000000.0;451500000.0;5176500000.0;4052000000.0;156500000.0;1124500000.0;-13500000.0;100500000.0;-1714250000.0;1436500000.0;197000000.0;26000000.0;333000000.0;8000000.0;-9094416.036322102;326000000.0;-2264496727.7624006;10051000000.0;90000000.0;54646500000.0;88365500000.0;19185500000.0;26421500000.0;569500000.0;6170500000.0;297000000.0;-3521250000.0;-185000000.0;3671000000.0;3600500000.0;-875995096.0537611;428500000.0;23000000.0;3597500000.0;2824962788.293665;4029000000.0;-15000000.0;5373500000.0;379500000.0;848500000.0;1234500000.0;740500000.0;3054500000.0;-16000000.0;2250000.0;-62500000.0;0.0;-3250000.0;9871313.983696342;1038000000.0;1346000000.0;;-207750000.0;148000000.0;-176750000.0;3544000000.0;15250000.0;335250000.0;466500000.0;324500000.0;1226000000.0;0.0;36750000.0;1788000000.0;-29250000.0;4000000.0;4052000000.0;64450648132.39019;41323628463.658585;5500000.0;967500000.0;23629117222.190857;28331174017.57197;117164111.79089618;1070250000.0;3929680.481742136;-551090832.5113995;25851500000.0;40325500000.0;16000000.0;;701500000.0;26581000000.0;34119000000.0;17500000.0;5120000000.0;227500000.0;32572000000.0;3651500000.0;2000000.0;;;113688942.27173653
2023-03-31;13031000000.0;10143000000.0;383000000.0;;;-9000000.0;33408000000.0;32000000.0;87037000000.0;32486000000.0;7960000000.0;7965000000.0;10000000.0;2713000000.0;-2929294034.7141933;3073000000.0;-597000000.0;29294000000.0;31016000000.0;311000000.0;3819000000.0;27659000000.0;75000000.0;9083661570.529356;226000000.0;1214000000.0;153000000.0;-5000000.0;5893000000.0;56064322990.294785;800000000.0;65000000.0;336000000.0;-237227081.5167915;282028751.05612344;;636000000.0;6626000000.0;5029372144.043431;0.0;0.0;58000000.0;3000000.0;;-9000000.0;8244000000.0;360000000.0;3907000000.0;3084000000.0;133000000.0;823000000.0;-18000000.0;-2105000000.0;-3828000000.0;1441000000.0;154000000.0;23000000.0;334000000.0;6000000.0;-9255982.187121931;342000000.0;-3782413069.5811415;10268000000.0;121000000.0;53374000000.0;87037000000.0;17057000000.0;27205000000.0;75000000.0;5837000000.0;306000000.0;-3907000000.0;-816000000.0;4057000000.0;2724000000.0;-874465350.0031834;337000000.0;23000000.0;2720000000.0;2163398289.9910917;3061000000.0;-23000000.0;4061000000.0;404000000.0;858000000.0;1269000000.0;623000000.0;3021000000.0;-16000000.0;3000000.0;-11000000.0;2000000.0;-4000000.0;7376744.663498865;995000000.0;1294000000.0;;-248000000.0;77000000.0;-164000000.0;3180000000.0;15000000.0;337000000.0;457000000.0;329000000.0;1147000000.0;0.0;17000000.0;1589000000.0;-31000000.0;3000000.0;3084000000.0;65495560595.98292;41301434444.88628;5000000.0;968000000.0;20167733783.128876;25107700713.71701;119436129.24371621;1021000000.0;4116572.065725273;-770084576.1895615;28528000000.0;34864000000.0;16000000.0;;691000000.0;26858000000.0;32695000000.0;3000000.0;5130000000.0;231000000.0;35079000000.0;3238000000.0;2000000.0;;;81765338.965317
2023-06-30;13052000000.0;10274000000.0;374000000.0;;;-30000000.0;33411000000.0;54000000.0;86442000000.0;32213000000.0;7345000000.0;7349000000.0;10000000.0;2205000000.0;-2912703024.192477;2559000000.0;0.0;31762000000.0;33519000000.0;480000000.0;3279000000.0;27650000000.0;72000000.0;9020281414.763132;217000000.0;1244000000.0;150000000.0;-12500000.0;5913000000.0;55622317888.40633;834000000.0;31000000.0;312000000.0;-216770378.2245393;309025146.38512844;;712000000.0;6665000000.0;4535389840.58611;3000000.0;3000000.0;53000000.0;2000000.0;;0.0;8244000000.0;354000000.0;3163000000.0;2580000000.0;199000000.0;583000000.0;-19000000.0;-1329000000.0;-2630000000.0;1196250000.0;142000000.0;13000000.0;329000000.0;1000000.0;-17373500.1165509;346250000.0;-5193351392.428347;9536000000.0;119000000.0;53874000000.0;86442000000.0;17466000000.0;27211000000.0;72000000.0;5886000000.0;283000000.0;-3674500000.0;-818000000.0;3425750000.0;2226000000.0;-868049926.6912063;331000000.0;23000000.0;2225000000.0;1906246402.6933243;2557000000.0;-25000000.0;3305000000.0;423000000.0;859000000.0;1288000000.0;949000000.0;2973000000.0;-15250000.0;1750000.0;-21000000.0;1250000.0;-3500000.0;9559186.761243278;1003000000.0;2047000000.0;;-243500000.0;269000000.0;-145500000.0;3068000000.0;11250000.0;327500000.0;489000000.0;331000000.0;1181000000.0;0.0;15500000.0;1191750000.0;-33750000.0;2500000.0;2580000000.0;63797318526.33808;39733964454.68739;5000000.0;968000000.0;21676286706.272797;26713555632.07026;121569893.20733202;770000000.0;4331927.728523846;-669730837.5771887;30442000000.0;36343000000.0;613343.9595998973;;704000000.0;25714000000.0;31600000000.0;4000000.0;7120000000.0;219000000.0;38119000000.0;3040000000.0;1000000.0;;;103722631.91655609
2023-09-30;15839000000.0;12469000000.0;373000000.0;;;-49000000.0;33426000000.0;43000000.0;89969000000.0;36275000000.0;8452000000.0;8456000000.0;10000000.0;3261000000.0;-2878153197.5185304;3612000000.0;9000000.0;34928000000.0;36830000000.0;484000000.0;3373000000.0;27633000000.0;819000000.0;8922905432.91778;206000000.0;1341000000.0;145000000.0;-20000000.0;5813000000.0;54362919029.52817;845000000.0;34000000.0;297000000.0;-199482787.42847005;337518335.83214915;;979000000.0;6521000000.0;4829865938.134482;-9000000.0;-10000000.0;60000000.0;-3000000.0;;0.0;8244000000.0;351000000.0;4635000000.0;3631000000.0;215000000.0;1004000000.0;-20000000.0;-553000000.0;-1432000000.0;951500000.0;118000000.0;11000000.0;331000000.0;0.0;-25491018.045979865;350500000.0;-7282816835.482809;10143000000.0;141000000.0;57171000000.0;89969000000.0;21735000000.0;26463000000.0;819000000.0;5966000000.0;285000000.0;-3442000000.0;-820000000.0;2794500000.0;3280000000.0;-859947378.8303221;326000000.0;25000000.0;3278000000.0;2476959948.4898496;3606000000.0;-20000000.0;4753000000.0;453000000.0;848000000.0;1310000000.0;607000000.0;2929000000.0;-14500000.0;500000.0;-19000000.0;500000.0;-3000000.0;10640165.480319701;1097000000.0;2326000000.0;;-239000000.0;341000000.0;-127000000.0;2819000000.0;7500000.0;318000000.0;521000000.0;333000000.0;971000000.0;0.0;14000000.0;794500000.0;-36500000.0;2000000.0;3631000000.0;60618484964.751015;37874000280.96854;5000000.0;970000000.0;24914316013.473145;28671690679.702198;114940915.7949387;519000000.0;3881384.6912499014;-542079158.2682401;33424000000.0;40917000000.0;8939776.336056411;;824000000.0;25862000000.0;31828000000.0;44000000.0;4310000000.0;233000000.0;40949000000.0;2830000000.0;2000000.0;;;123141956.2462498
2023-12-31;13761000000.0;12187000000.0;387000000.0;;;-131000000.0;33465000000.0;44000000.0;85987000000.0;32131000000.0;5443000000.0;5446000000.0;10000000.0;2093000000.0;-2890304225.311503;2456000000.0;109500000.0;32260500000.0;34128500000.0;532000000.0;3211000000.0;27620000000.0;1954000000.0;8968124504.651909;196000000.0;1409000000.0;141000000.0;-27500000.0;5834000000.0;53756047765.75485;836000000.0;29000000.0;298000000.0;-184609916.7330341;351221730.48524123;;1115000000.0;6260000000.0;5386380396.9184675;-9000000.0;-10000000.0;60000000.0;500000.0;;0.0;8244000000.0;363000000.0;3120000000.0;2471500000.0;209500000.0;648500000.0;-21000000.0;223000000.0;-234000000.0;706750000.0;148500000.0;11500000.0;336000000.0;500000.0;-33608535.97540883;354750000.0;-5007577750.164799;9317000000.0;121000000.0;54588000000.0;85987000000.0;20150000000.0;25329000000.0;1954000000.0;6100000000.0;299500000.0;-3209500000.0;-822000000.0;2163250000.0;2108500000.0;-856851819.0803952;345500000.0;17500000.0;2107000000.0;1700393667.2026377;2454000000.0;-15500000.0;3268500000.0;454000000.0;764000000.0;1233000000.0;403000000.0;3007000000.0;-13750000.0;-750000.0;-15500000.0;-250000.0;-2500000.0;11754336.085904822;1166000000.0;1645000000.0;;-234500000.0;311000000.0;-108500000.0;2518500000.0;3750000.0;308500000.0;553000000.0;335000000.0;1102000000.0;0.0;12500000.0;397250000.0;-39250000.0;1500000.0;2471500000.0;60305530598.662964;38875345592.18306;5000000.0;895000000.0;9096952852.540985;17165207508.493942;125220140.38729608;268000000.0;4368051.765642034;-492681948.8611188;34562000000.0;36811500000.0;15154026.5335358;;801500000.0;24404000000.0;30504000000.0;44000000.0;4470000000.0;230500000.0;43502000000.0;2501000000.0;1500000.0;;;113999916.5042863
2024-03-31;15471000000.0;13171000000.0;375000000.0;;;-143000000.0;33530000000.0;50000000.0;85528000000.0;31260000000.0;3175000000.0;3177000000.0;10000000.0;925000000.0;-2871129393.1585484;1300000000.0;210000000.0;29593000000.0;31427000000.0;580000000.0;3434000000.0;27613000000.0;2457000000.0;8928450084.419739;186000000.0;1355000000.0;138000000.0;-35000000.0;5831000000.0;52942919059.378174;827000000.0;34000000.0;299000000.0;-147453486.48449266;377499427.98586655;;1180000000.0;6831000000.0;5236612809.064348;-9000000.0;-10000000.0;60000000.0;4000000.0;;0.0;8244000000.0;375000000.0;1605000000.0;1312000000.0;204000000.0;293000000.0;-22000000.0;999000000.0;964000000.0;462000000.0;179000000.0;12000000.0;341000000.0;1000000.0;-41726053.904837795;359000000.0;-2732338664.8467884;9781000000.0;101000000.0;55757000000.0;85528000000.0;21787000000.0;24832000000.0;2457000000.0;6288000000.0;314000000.0;-2977000000.0;-824000000.0;1532000000.0;937000000.0;-856597140.0232816;365000000.0;10000000.0;936000000.0;923827385.9154211;1302000000.0;-11000000.0;1784000000.0;472000000.0;770000000.0;1255000000.0;734000000.0;2975000000.0;-13000000.0;-2000000.0;-12000000.0;-1000000.0;-2000000.0;12175648.00615775;1074000000.0;964000000.0;;-230000000.0;281000000.0;-90000000.0;2218000000.0;0.0;299000000.0;585000000.0;337000000.0;1182000000.0;0.0;11000000.0;0.0;-42000000.0;1000000.0;1312000000.0;58436749674.432106;38105484860.00309;5000000.0;561000000.0;-54097609320.57298;-29565431051.212006;134408427.3345549;17000000.0;4854718.840034166;-415212277.1552737;35199000000.0;32706000000.0;29980232.05207198;;779000000.0;22922000000.0;29210000000.0;44000000.0;4630000000.0;228000000.0;45674000000.0;2172000000.0;1000000.0;;;104987833.04430312
2024-06-30;14865000000.0;12307000000.0;365000000.0;;;-152000000.0;33635000000.0;50000000.0;85229000000.0;31347000000.0;4441000000.0;4443000000.0;10000000.0;1506000000.0;-2821076774.434215;1946000000.0;239000000.0;33945000000.0;35840000000.0;574000000.0;3512000000.0;29281000000.0;4903000000.0;8825859523.319084;195000000.0;1358000000.0;149000000.0;-35000000.0;5810000000.0;51911423222.38678;838000000.0;20000000.0;290000000.0;-163351412.14967972;406321881.7932398;;766000000.0;6821000000.0;8421845290.660529;;;257187187.4235791;3000000.0;;0.0;8244000000.0;440000000.0;2328000000.0;1955000000.0;373000000.0;373000000.0;-22000000.0;999000000.0;964000000.0;462000000.0;194000000.0;13000000.0;341000000.0;13000000.0;-41726053.9048378;359000000.0;-5769975087.742463;9800000000.0;105000000.0;57141000000.0;85229000000.0;24000000000.0;24034000000.0;4903000000.0;6562000000.0;325000000.0;-2977000000.0;-824000000.0;1532000000.0;1515000000.0;-825063538.5048761;435000000.0;5000000.0;1514000000.0;1527355715.2153695;1950000000.0;-11000000.0;2522000000.0;463000000.0;711000000.0;1187000000.0;741000000.0;2944000000.0;-13000000.0;-2000000.0;-9000000.0;-1000000.0;-2000000.0;13641058.065721672;1135000000.0;1323000000.0;;-230000000.0;76000000.0;-90000000.0;2896000000.0;0.0;299000000.0;585000000.0;337000000.0;1228000000.0;0.0;11000000.0;0.0;-42000000.0;1000000.0;1955000000.0;55520338806.7051;36275780794.15723;5000000.0;202000000.0;-117727984086.41763;-73158175700.8238;133961932.92000136;17000000.0;4777108.357480701;175932044.7676579;36423000000.0;37914000000.0;27154555.880149495;;823000000.0;21324000000.0;27886000000.0;;6740000000.0;234000000.0;48592000000.0;2918000000.0;1000000.0;;;141436263.8693152
