end;AccountsPayableCurrent;AccruedIncomeTaxesCurrent;AccruedLiabilitiesCurrent;AccumulatedDepreciationDepletionAndAmortizationPropertyPlantAndEquipment;AccumulatedOtherComprehensiveIncomeLossCumulativeChangesInNetGainLossFromCashFlowHedgesEffectNetOfTax;AccumulatedOtherComprehensiveIncomeLossNetOfTax;AdditionalPaidInCapitalCommonStock;AdjustmentsToAdditionalPaidInCapitalSharebasedCompensationRequisiteServicePeriodRecognitionValue;Assets;AssetsCurrent;CashAndCashEquivalentsAtCarryingValue;CashCashEquivalentsRestrictedCashAndRestrictedCashEquivalents;CommonStockValue;ComprehensiveIncomeNetOfTax;ComprehensiveIncomeNetOfTaxAttributableToNoncontrollingInterest;ComprehensiveIncomeNetOfTaxIncludingPortionAttributableToNoncontrollingInterest;ContractWithCustomerLiability;CostDirectMaterial;CostOfGoodsAndServicesSoldDepreciationAndAmortization;CostOfGoodsAndServicesSoldOverhead;CostOfGoodsSoldOverhead;CostOfRevenue;CostsAndExpenses;CrudeOilAndNaturalGasLiquids;DebtCurrent;DeferredIncomeTaxesAndTaxCredits;DeferredIncomeTaxLiabilitiesNet;DeferredTaxAssetsNetCurrent;DeferredTaxLiabilitiesCurrent;DeferredTaxLiabilitiesNoncurrent;DepreciationAmortizationAndAccretionNet;DepreciationAndAmortization;DepreciationDepletionAndAmortization;Dividends;ExcessOfReplacementOrCurrentCostsOverStatedLIFOValue;ExciseAndSalesTaxes;GeneralAndAdministrativeExpense;ImpairmentOfLongLivedAssetsHeldForUse;IncomeLossFromContinuingOperations;IncomeLossFromContinuingOperationsBeforeIncomeTaxesExtraordinaryItemsNoncontrollingInterest;IncomeLossFromDiscontinuedOperationsNetOfTaxAttributableToReportingEntity;IncomeTaxExpenseBenefit;IncomeTaxesPaidNet;IncomeTaxesReceivable;IncreaseDecreaseInAccountsPayable;IncreaseDecreaseInAccruedIncomeTaxesPayable;IncreaseDecreaseInAccruedLiabilities;IncreaseDecreaseInInventories;IncreaseDecreaseInOtherNoncurrentAssetsAndLiabilitiesNet;IncreaseDecreaseInPrepaidDeferredExpenseAndOtherAssets;IncreaseDecreaseInPropertyAndOtherTaxesPayable;IncreaseDecreaseInReceivables;IntangibleAssetsNetExcludingGoodwill;InterestCostsCapitalizedAdjustment;InterestCostsIncurred;InterestCostsIncurredCapitalized;InterestExpense;InterestPaidNet;InventoryCrudeOilProductsAndMerchandise;InventoryNet;InventoryRawMaterialsAndSupplies;InventoryWriteDown;LiabilitiesAndStockholdersEquity;LiabilitiesCurrent;LongTermDebt;LongTermDebtAndCapitalLeaseObligations;MinorityInterest;MinorityInterestDecreaseFromDistributionsToNoncontrollingInterestHolders;NetCashProvidedByUsedInFinancingActivities;NetCashProvidedByUsedInInvestingActivities;NetCashProvidedByUsedInOperatingActivities;NetIncomeLoss;NetIncomeLossAttributableToNoncontrollingInterest;NetIncomeLossAvailableToCommonStockholdersBasic;NetIncomeLossAvailableToCommonStockholdersDiluted;OciBeforeReclassificationsNetOfTaxAttributableToParent;OperatingCostsAndExpenses;OperatingIncomeLoss;OtherAssetsNoncurrent;OtherComprehensiveIncomeForeignCurrencyTransactionAndTranslationGainLossBeforeReclassificationAndTax;OtherComprehensiveIncomeLossBeforeTax;OtherComprehensiveIncomeLossCashFlowHedgeGainLossAfterReclassificationBeforeTax;OtherComprehensiveIncomeLossDerivativesQualifyingAsHedgesBeforeTax;OtherComprehensiveIncomeLossNetOfTax;OtherComprehensiveIncomeLossNetOfTaxPeriodIncreaseDecrease;OtherComprehensiveIncomeLossNetOfTaxPortionAttributableToParent;OtherComprehensiveIncomeLossPensionAndOtherPostretirementBenefitPlansAdjustmentBeforeTax;OtherComprehensiveIncomeLossTax;OtherComprehensiveIncomeUnrealizedGainLossOnDerivativesArisingDuringPeriodBeforeTax;OtherComprehensiveIncomeUnrealizedGainLossOnDerivativesArisingDuringPeriodNetOfTax;OtherComprehensiveIncomeUnrealizedGainLossOnDerivativesArisingDuringPeriodTax;OtherCostAndExpenseOperating;OtherLiabilitiesNoncurrent;OtherNonoperatingIncomeExpense;ParticipatingSecuritiesDistributedAndUndistributedEarningsLossBasic;ParticipatingSecuritiesDistributedAndUndistributedEarningsLossDiluted;PaymentsForProceedsFromOtherInvestingActivities;PaymentsForRepurchaseOfCommonStock;PaymentsOfDividendsCommonStock;PrepaidExpenseAndOtherAssetsCurrent;ProceedsFromPaymentsForOtherFinancingActivities;ProfitLoss;PropertyPlantAndEquipmentAndFinanceLeaseRightOfUseAssetAccumulatedDepreciationAndAmortization;PropertyPlantAndEquipmentAndFinanceLeaseRightOfUseAssetAfterAccumulatedDepreciationAndAmortization;PropertyPlantAndEquipmentAndFinanceLeaseRightOfUseAssetBeforeAccumulatedDepreciationAndAmortization;PropertyPlantAndEquipmentGross;PropertyPlantAndEquipmentNet;ReceivablesNetCurrent;ReclassificationFromAociCurrentPeriodNetOfTaxAttributableToParent;RefiningAndMarketingCosts;RetainedEarningsAccumulatedDeficit;RevenueFromContractWithCustomerIncludingAssessedTax;SalesAndExciseTaxPayableCurrent;SellingExpense;StockholdersEquity;StockholdersEquityIncludingPortionAttributableToNoncontrollingInterest;StockIssuedDuringPeriodValueShareBasedCompensation;TreasuryStockValue;TreasuryStockValueAcquiredCostMethod;WeightedAverageCostInventoryAmount;StockPrice
2008-06-30;;355865737.4493438;44728193.68903875;;;290760230.5928905;;;;;1644000000.0;1638328332.7848978;;248000000.0;;729000000.0;;;;1197856043.401497;68209473.16001686;;35482000000.0;;;169000000.0;1089831513.8296547;261761952.71525097;;6285573335.002144;378000000.0;12358681.329108847;369000000.0;;;146145165.48757684;117000000.0;;364000000.0;1090000000.0000014;-55000000.0;356000000.0;;;;;;430935525.4793456;;;;;175987505.02986842;;140427905.06538922;;107000000.0;85510503.57034881;3554239257.2675066;4964288352.112192;281661451.87997043;;;;-2132487536.723156;5536850337.536165;;5809892.535317942;914000000.0;-909000000.0;781000000.0;432882796.8501455;;419943983.2874715;420547117.05379313;;1133000000.0;1158000000.0;;;-44617909.74110288;;1082155.0608923547;-45207160.740034;-5000000.0;;;104838.79133645956;;-51000000.0;27000000.0;;4342180452.404832;15000000.0;12938813.562673071;12335679.796351863;-6000000.0;-133395307.84789872;77000000.0;105878259.6392585;-2000000.0;734000000.0;44489620415.79847;;17733855348.838135;32083454865.403435;32284439479.911716;;;33673000000.0;;47839486113.64879;1360387710.1614995;190000000.0;-10104168408.328878;-16223776385.769238;;-1503177243.4251642;3563512881.38266;;22.362600326538086
2008-09-30;5840000000.0;36000000.0;350000000.0;5404000000.0;;-115000000.0;7987000000.0;;37221000000.0;11173000000.0;2767000000.0;2828314954.466724;7000000.0;248000000.0;;1125000000.0;;;;1257436644.4340072;-850329775.1672885;;34120000000.0;;137000000.0;169000000.0;3495178365.23085;132000000.0;404000000.0;4105000000.0;378000000.0;12404874.885469835;370000000.0;;;202609020.33718872;169000000.0;;364000000.0;1795000000.0000038;-55000000.0;643000000.0;;27000000.0;;;;745442347.8735409;;;;;221000000.0;;101636115.05193184;;112000000.0;85330932.83917911;-7294706269.516457;4561000000.0;277958240.1326628;;37221000000.0;7324000000.0;27433786296.082943;7231000000.0;;7449793.613424217;914000000.0;-909000000.0;781000000.0;598234632.3313916;-655765.8380855769;576463687.0678532;577569505.8034322;;1136000000.0;1840000000.0;1543000000.0;;-61810464.92442558;;2797557.132164984;-62877595.96553778;-27000000.0;;;-887645.4523438169;;62000000.0;-34000000.0;;2154000000.0;36000000.0;21770945.263535105;20665126.52795734;-6000000.0;-274937275.51370335;77000000.0;164186044.8276198;-2000000.0;1152000000.0;2675539410.2683563;;54111834153.93106;29688000000.0;24284000000.0;4217000000.0;;32506000000.0;15384000000.0;158831364440.55637;1469414773.2584054;201000000.0;20455353316.53854;16407000000.0;;6856000000.0;-10934363009.024015;621999284.129619;16.52952003479004
2009-03-31;5840000000.0;36000000.0;350000000.0;5404000000.0;;-115000000.0;7987000000.0;;37221000000.0;11173000000.0;1715000000.0;1784520433.3998456;7000000.0;248000000.0;;496500000.0;;;;1002180094.756562;-850329775.1672885;;12735000000.0;;137000000.0;169000000.0;9255783156.872902;132000000.0;404000000.0;4105000000.0;378000000.0;12404874.885469835;350000000.0;;;259689790.48459864;145000000.0;;364000000.0;597000000.0;-55000000.0;148000000.0;;27000000.0;;;;61558111.81286883;;;;;221000000.0;;119978853.44833246;;119000000.0;85330932.83917911;-7294706269.516457;4561000000.0;277957350.8660689;;37221000000.0;7324000000.0;26537088651.60122;7231000000.0;;7449793.613424228;914000000.0;-909000000.0;781000000.0;298776017.0480924;-655765.8380855769;291846621.54386646;292107954.5606435;;845000000.0;593000000.0;1543000000.0;;-88380777.48046973;;5448633.06049541;-90186450.40495268;-61000000.0;;;-2421484.738031517;;60000000.0;-32000000.0;;2154000000.0;-1000000.0;6929395.504225025;6668062.487448313;-6000000.0;-317568571.93982816;77000000.0;164186044.82762134;-2000000.0;449000000.0;1499323855.7147522;;53078838774.61798;29688000000.0;24284000000.0;4217000000.0;;11204000000.0;15384000000.0;108359511763.61708;864028825.2626103;169000000.0;20439688307.52385;16407000000.0;;6856000000.0;-10593758849.13469;621999284.1296197;9.90669059753418
2009-06-30;5840000000.0;36000000.0;350000000.0;5404000000.0;;-115000000.0;7987000000.0;;37221000000.0;11173000000.0;1623000000.0;1693238022.8122478;7000000.0;-132000000.0;;-132000000.0;;;;1089499410.4092484;-947931217.8904498;;17568000000.0;;137000000.0;131000000.0;8306289925.618469;132000000.0;404000000.0;4105000000.0;372750000.0;12409783.285141988;361000000.0;;;249451767.5038662;122000000.0;0.0;-191000000.0;-362000000.0000008;-63000000.0;-108000000.0;;27000000.0;;;;93501036.34960487;;;;;221000000.0;;116276308.37996228;;118000000.0;85311852.14941552;-7327892313.143898;4561000000.0;277974738.10999733;;37221000000.0;7324000000.0;28310252165.689884;7231000000.0;;9074623.768986806;914500000.0;-895750000.0;831250000.0;-257486546.05794296;-655765.8380855769;-257240195.63877812;-257430553.20026067;;781000000.0;-192000000.0;1543000000.0;;54630022.453532666;;-8820393.259636011;56799442.60719231;122000000.0;;;5834179.652581693;-1289073.2512741785;3000000.0;-2000000.0;;2154000000.0;-23000000.0;-246350.41916477607;-55992.85768233994;-8250000.0;-342916910.3553617;64750000.0;161826582.83629203;-1250000.0;-254000000.0;1162474124.675888;;52652903852.79868;29688000000.0;24284000000.0;4217000000.0;;16014000000.0;15384000000.0;92554927153.61096;1000205013.8329028;171000000.0;20466982131.427208;16407000000.0;;6856000000.0;-9788930984.152985;621999284.1296194;9.415740966796875
2009-09-30;5756000000.0;64000000.0;633000000.0;5632000000.0;;68000000.0;7975000000.0;;36805000000.0;10865000000.0;1605000000.0;1676604850.8139138;7000000.0;-446000000.0;;-446000000.0;;;;1017517525.4139132;556652411.2824898;;18811000000.0;;213000000.0;93000000.0;8958266024.616745;150000000.0;424000000.0;3872000000.0;367500000.0;12334117.418059455;361000000.0;;;214601080.7550931;167000000.0;0.0;-343000000.0;-647000000.0000004;-286000000.0;-18000000.0;839000000.0;81000000.0;155000000.0;-70000000.0;-47000000.0;-168000000.0;;-32000000.0;;189000000.0;229000000.0;;139500541.67369473;;150000000.0;56000000.0;-7291945992.450088;4576000000.0;273679218.17919385;;36805000000.0;7757000000.0;28537942439.7504;7162000000.0;;9292142.5261705;915000000.0;-882500000.0;881500000.0;-667513522.0482395;-1748354.6846139468;-665280214.0649352;-665673075.5390692;;1013000000.0;-238000000.0;1480000000.0;;102300289.09820016;;-13576735.366346482;105794740.27790733;183000000.0;;;8586067.782786096;-1289073.2512741778;24000000.0;-12000000.0;;2124000000.0;8000000.0;-2233307.983304121;-1840446.5091703332;-10500000.0;1000000.0;52500000.0;146023359.88535988;-500000.0;-629000000.0;1696638137.7376556;30289275343.237957;24844109583.356667;29863000000.0;24231000000.0;3923000000.0;;17212000000.0;14670000000.0;76791218659.87846;1015882975.8367451;182000000.0;14666000000.0;15890000000.0;;6830000000.0;2910925991.115177;602302154.0289568;10.897692680358887
2009-12-31;5871000000.0;43000000.0;567500000.0;5741500000.0;;250000000.0;7927000000.0;;36635000000.0;11092500000.0;1746000000.0;1822003561.8685253;7000000.0;-246000000.0;0.0;-167000000.0;;;;1019543500.5469784;1435729679.0954895;;18650000000.0;2572000000.0;424000000.0;55000000.0;10684822215.185144;162500000.0;305000000.0;4001500000.0;362250000.0;12289908.414045382;350500000.0;;4300000000.0;225000000.0;132000000.0;0.0;-211500000.0;788000000.0;-149000000.0;-25000000.0;839000000.0;69500000.0;155000000.0;-70000000.0;-47000000.0;-168000000.0;;-32000000.0;;189000000.0;227500000.0;;134140389.07765484;22000000.0;148500000.0;56000000.0;1719000000.0;4650000000.0;193000000.0;;36635000000.0;7926000000.0;29880093511.260567;7440000000.0;;8749188.182244213;915500000.0;-869250000.0;931750000.0;-223205772.27626404;0.0;-223588129.77375144;-223375654.3469701;;962500000.0;-297970588.2352941;1532000000.0;;56974461.79671304;;-9054311.723900456;59209047.410670094;125000000.0;;;5969518.413083549;-1289073.2512741785;11500000.0;-5500000.0;;1989500000.0;9500000.0;382357.4976527683;169882.07055197054;-12750000.0;1000000.0;40250000.0;137332594.21569288;250000.0;-662088235.2941177;1983904131.8841856;30289275343.23795;23126996362.838387;29524500000.0;23783000000.0;3935000000.0;;17134000000.0;13853000000.0;63772965533.05104;1002170638.0978384;167000000.0;14666000000.0;15610333333.333334;;6759000000.0;4875498758.820864;605528511.533242;9.494311332702637
2010-03-31;5986000000.0;22000000.0;502000000.0;5851000000.0;28000000.0;432000000.0;7879000000.0;;36465000000.0;11320000000.0;1887000000.0;1967402272.9231367;7000000.0;-46000000.0;0.0;112000000.0;;;;1021569475.6800436;2351652763.9017067;;18489000000.0;2572000000.0;635000000.0;17000000.0;12411378405.753548;175000000.0;186000000.0;4131000000.0;357000000.0;12243846.425167529;340000000.0;;4300000000.0;225000000.0;97000000.0;0.0;-80000000.0;788000000.0;-12000000.0;-32000000.0;839000000.0;58000000.0;155000000.0;-70000000.0;-47000000.0;-168000000.0;;-32000000.0;;189000000.0;226000000.0;;128780236.48161498;22000000.0;147000000.0;56000000.0;1719000000.0;4724000000.0;193000000.0;;36465000000.0;8095000000.0;31222244582.770737;7718000000.0;;8206233.838317925;916000000.0;-856000000.0;982000000.0;-296656769.435486;0.0;-297669843.2437674;-297473510.86120945;;912000000.0;-357941176.4705882;1584000000.0;;11648634.495225936;;-4531888.081454434;12623354.54343288;67000000.0;;;3352969.043381001;-1289073.2512741787;-1000000.0;1000000.0;;1855000000.0;11000000.0;1013073.8084511622;816741.425565189;-15000000.0;1000000.0;28000000.0;128641828.54603016;1000000.0;-695176470.5882353;2970471067.6513824;30289275343.23795;22778515305.34565;29186000000.0;23335000000.0;3947000000.0;;17056000000.0;13036000000.0;65951191388.21752;988458300.3589352;152000000.0;14666000000.0;15330666666.666666;;6688000000.0;4350101656.09697;608754869.0375261;11.197553634643555
2010-06-30;5856000000.0;237000000.0;440000000.0;6076000000.0;28000000.0;240000000.0;7833000000.0;12000000.0;36477000000.0;11348000000.0;2001000000.0;2085582330.3449152;7000000.0;391000000.0;0.0;391000000.0;;;;1071945010.666422;2391223549.788761;;19657000000.0;2572000000.0;523000000.0;-3333333.333333332;12510839035.875725;171000000.0;184000000.0;4270000000.0;359666666.6666667;12241856.400972642;350000000.0;;4300000000.0;225000000.0;131000000.0;0.0;520000000.0;788000000.0;63000000.0;268000000.0;560333333.3333333;79000000.0;817666666.6666666;-14333333.333333336;26666666.66666667;-319333333.3333334;;-24666666.666666668;;545333333.3333333;223000000.0;;121993982.87211128;22000000.0;138000000.0;63000000.0;1719000000.0;4767000000.0;193000000.0;;36477000000.0;7914000000.0;32442984406.53889;7511000000.0;;6500211.757593039;440000000.0;-831666666.6666666;1340666666.6666667;-345860922.2424623;0.0;-323114791.1605372;-325296296.94422174;;847000000.0;-417911764.7058824;1543000000.0;;-190754628.7993458;;15663072.666709702;-195405860.15681607;-192000000.0;;;-8331277.279945891;-1289073.2512741787;0.0;0.0;;1731000000.0;1000000.0;-22746131.08195956;-20564625.29891478;-7000000.0;666666.6666666667;28000000.0;123486608.22658348;2333333.333333333;-728264705.882353;3188556138.3195496;30323715319.893253;29656832782.79952;29439000000.0;23363000000.0;4122000000.0;;18227000000.0;13591000000.0;-20566587798.14894;1027211495.271586;163000000.0;15051000000.0;15051000000.0;;6620000000.0;0.0;588648041.0789925;10.245345115661621
2010-09-30;6096000000.0;74000000.0;548000000.0;6340000000.0;28000000.0;314000000.0;7839000000.0;12000000.0;37276000000.0;11877000000.0;2352000000.0;2434294261.7657247;7000000.0;366000000.0;0.0;366000000.0;;;;1020246133.49236;2537549925.881972;;20425000000.0;2650000000.0;523000000.0;-23666666.666666664;12328675711.193954;184000000.0;322000000.0;4430000000.0;362333333.3333333;12234497.612860462;353000000.0;;4900000000.0;234000000.0;139000000.0;0.0;303000000.0;488000000.0;-11000000.0;185000000.0;281666666.6666666;100000000.0;1480333333.3333333;41333333.33333333;100333333.33333334;-470666666.6666667;;-17333333.333333336;;901666666.6666666;224000000.0;;130373401.44222228;25000000.0;145000000.0;70000000.0;1715000000.0;4804000000.0;198000000.0;;37276000000.0;8213000000.0;7588000000.0;7513000000.0;10000000.0;6971214.763930993;-36000000.0;-807333333.3333334;1699333333.3333335;-463343466.7525778;0.0;-443643915.5195651;-445487305.7860047;;1105000000.0;-477882352.9411765;1585000000.0;21131239.023707945;19000000.0;-5000619.601952685;0.0;19000000.0;74000000.0;-52621120.22321383;-4554920.184919702;0.0;0.0;0.0;0.0;;1720000000.0;17000000.0;-19699551.23304241;-17856160.96714804;1000000.0;333333.3333333334;28000000.0;162000000.0;3666666.6666666665;-761352941.1764706;3489852997.822769;30358155296.54855;30278617482.530083;29930000000.0;23590000000.0;4240000000.0;;18915000000.0;13855000000.0;-17071082438.206957;1036902889.7500744;169000000.0;15400000000.0;15400000000.0;;6615000000.0;0.0;623569284.2628558;10.007221221923828
2011-03-31;8653000000.0;55000000.0;729000000.0;6509000000.0;0.0;479000000.0;7641000000.0;12000000.0;39592000000.0;15056000000.0;4133000000.0;4200094474.6497774;7000000.0;189000000.0;-500000.0;189000000.0;;;;1105681661.4482188;2883536577.284851;;26064000000.0;2810000000.0;312000000.0;-44000000.0;12898915677.934708;262000000.0;140000000.0;4693000000.0;365000000.0;12217097.862211991;365000000.0;;8500000000.0;214000000.0;130000000.0;0.0;104000000.0;144000000.0;-6000000.0;40000000.0;3000000.0;316000000.0;2143000000.0;97000000.0;174000000.0;-622000000.0;;-10000000.0;;1258000000.0;225000000.0;;121695855.50976124;27000000.0;144000000.0;77000000.0;988000000.0;4338000000.0;190000000.0;;39592000000.0;10406000000.0;7588000000.0;7517000000.0;10000000.0;6568065.844146966;-512000000.0;-783000000.0;2058000000.0;47424294.04997333;0.0;48922926.674858384;48732962.32127569;-317494947.494478;1103384615.3846154;;1416000000.0;-278000000.0;19000000.0;-5000619.601952685;0.0;19000000.0;91000000.0;-304058605.38979435;2000000.0;0.0;0.0;0.0;0.0;;1752000000.0;17000000.0;-1498632.6248849805;-1308668.2713023035;9000000.0;0.0;28000000.0;162000000.0;5000000.0;104142004.29397832;5507036125.721054;30392595273.20385;31974970747.04395;29404000000.0;22895000000.0;5858000000.0;;24568000000.0;13458000000.0;44215652191.195724;1129183751.0166285;162000000.0;15224000000.0;15224000000.0;;6361000000.0;0.0;837840909.9956893;17.115942001342773
2011-06-30;7642000000.0;82000000.0;765000000.0;6660000000.0;0.0;498000000.0;7616000000.0;11333333.333333334;39526000000.0;14687000000.0;4107000000.0;4174787843.686891;7000000.0;763000000.0;-1000000.0;762000000.0;;;;1181619891.063614;2751595462.301235;;30003000000.0;2188000000.0;861000000.0;-9000000.0;10892616723.72583;285000000.0;254000000.0;4801000000.0;371333333.3333333;12223733.212135715;386000000.0;;7900000000.0;227000000.0;151000000.0;0.0;745000000.0;1193000000.0;-1000000.0;449000000.0;49333333.333333336;118000000.0;1565333333.3333335;32666666.666666664;82666666.66666667;-257666666.6666667;0.0;-8666666.666666666;9000000.0;452333333.3333334;222000000.0;;112554579.29227792;33000000.0;129000000.0;66333333.333333336;1314000000.0;3988000000.0;195000000.0;;39526000000.0;10231000000.0;7588000000.0;6762000000.0;10000000.0;4400791.607582605;-447666666.6666667;-760000000.0;1886666666.6666667;856898759.6600206;-1000000.0;852434931.0688353;851891174.7565659;-317494947.494478;1101769230.7692308;;1411000000.0;-278000000.0;19000000.0;-5000619.601952685;0.0;19000000.0;19000000.0;-304058605.38979435;2000000.0;0.0;0.0;0.0;0.0;;1740000000.0;10000000.0;4463828.591184851;5007584.903454634;2666666.666666667;35333333.333333336;46333333.33333333;162000000.0;3333333.333333333;744874845.877346;5515515619.328796;30398857087.14117;32560345320.128506;29866000000.0;23206000000.0;6027000000.0;;28380000000.0;14173000000.0;-53492994807.73619;1228361365.6610284;169000000.0;15982000000.0;15992000000.0;;6312000000.0;31666666.666666668;704762369.4500576;14.704107284545898
2011-09-30;8520000000.0;136000000.0;785000000.0;6847000000.0;13000000.0;232000000.0;7559000000.0;10666666.666666666;41683000000.0;15870000000.0;2829000000.0;2912193269.9356585;7000000.0;937000000.0;0.0;937000000.0;;;;1232790177.8510249;2200456918.739681;;31734000000.0;2502000000.0;867000000.0;26000000.0;7796533278.582527;254000000.0;322000000.0;4942000000.0;377666666.6666667;12251450.100032546;390000000.0;;7100000000.0;229000000.0;161000000.0;0.0;1203000000.0;1892000000.0;0.0;689000000.0;95666666.66666669;5000000.0;987666666.6666667;-31666666.66666667;-8666666.666666657;106666666.66666664;0.0;-7333333.333333334;9000000.0;-353333333.33333325;251000000.0;;108092096.53833129;42000000.0;114000000.0;55666666.66666667;2217000000.0;5164000000.0;213000000.0;;41683000000.0;11683000000.0;7595000000.0;6781000000.0;16000000.0;3451711.494790564;-383333333.3333333;-737000000.0;1715333333.3333333;1257035857.393494;0.0;1252924877.7522204;1252472166.1002338;-317494947.494478;1100153846.1538465;;1343000000.0;-278000000.0;-260000000.0;31018381.52459632;20000000.0;-266000000.0;-266000000.0;-304058605.38979435;2000000.0;6000000.0;20000000.0;13000000.0;-7000000.0;;1607000000.0;1000000.0;4110979.6412733495;4563691.293260292;-3666666.666666666;70666666.66666667;64666666.66666666;109000000.0;1666666.6666666665;1203569969.750628;5277816400.754623;30405118901.078503;32157781494.487003;31066000000.0;24219000000.0;7509000000.0;;30033000000.0;15347000000.0;-14925946347.434906;1289469747.3430142;177000000.0;16654000000.0;16670000000.0;;6491000000.0;63333333.333333336;736905088.372657;10.2489652633667
2012-03-31;9941000000.0;26000000.0;483000000.0;7098000000.0;19000000.0;221000000.0;7479000000.0;10000000.0;42634000000.0;15824000000.0;1559000000.0;1640284514.076074;7000000.0;-307000000.0;0.0;-307000000.0;;;;1220333272.334137;1634404859.7596035;;35411000000.0;2730000000.0;1143000000.0;61000000.0;4665985632.533905;358000000.0;189000000.0;5210000000.0;384000000.0;12279916.99215214;384000000.0;;8700000000.0;234000000.0;164000000.0;611000000.0;-432000000.0;-337000000.0;0.0;95000000.0;142000000.0;226000000.0;410000000.0;-96000000.0;-100000000.0;471000000.0;0.0;-6000000.0;9000000.0;-1159000000.0;227000000.0;;103141976.99245328;52000000.0;99000000.0;45000000.0;2862000000.0;6145000000.0;219000000.0;;42634000000.0;13076000000.0;7554000000.0;6460000000.0;33000000.0;6924045.733400812;-319000000.0;-714000000.0;1544000000.0;-434775499.2626804;0.0;-433579194.655953;-433832883.9118151;22632380.11333284;1098538461.5384614;;1428000000.0;123000000.0;126000000.0;1002547.2524721492;-1000000.0;125000000.0;125000000.0;33005593.85890949;-4000000.0;1000000.0;47000000.0;10000000.0;-5250000.0;;1896000000.0;6000000.0;-1196304.6067271628;-942615.3508650212;-10000000.0;106000000.0;83000000.0;118000000.0;0.0;-431746564.24549145;5346858041.759064;30411380715.01583;32042875203.329124;32253000000.0;25155000000.0;7418000000.0;;33035000000.0;14794000000.0;11133700053.500229;1308651016.200595;166000000.0;15959000000.0;15992000000.0;;6542000000.0;95000000.0;899179856.9197229;15.362813949584961
2012-06-30;7998000000.0;61000000.0;527000000.0;7311000000.0;5000000.0;119000000.0;7477000000.0;10333333.333333334;41188000000.0;14033000000.0;1295000000.0;1378343683.6942718;7000000.0;729000000.0;-1000000.0;728000000.0;;;;1238741394.7065966;149701765.4434967;;33301000000.0;2140000000.0;582000000.0;98333333.33333334;8402524392.23613;246000000.0;296000000.0;5411000000.0;391769230.7692308;12354583.062427877;386000000.0;111000000.0;6500000000.0;241000000.0;171000000.0;0.0;831000000.0;1282000000.0;0.0;452000000.0;110666666.66666669;287000000.0;460333333.3333333;-59333333.333333336;-6333333.333333328;672000000.0;-13000000.0;73666666.66666667;112000000.0;-909000000.0;218000000.0;;93224499.3214466;53000000.0;74000000.0;48666666.66666666;2797000000.0;5443000000.0;223000000.0;;41188000000.0;10798000000.0;6995000000.0;6460000000.0;46000000.0;0.0;-386666666.6666667;-762666666.6666666;1545666666.6666667;895103216.4400318;-1000000.0;891563701.2833496;891137082.7179857;-158881954.32076073;1216273426.979862;;1416000000.0;-91000000.0;-107000000.0;-35016453.87407687;-19000000.0;-102000000.0;125000000.0;-146874053.62044865;-3000000.0;-5000000.0;-31000000.0;7000000.0;-3500000.0;;1896000000.0;-5000000.0;3539515.1566815954;3966133.7220458896;-8000000.0;172000000.0;92333333.33333331;138000000.0;7333333.333333333;830776945.1045552;4557807887.463348;30785524097.771133;31612983845.84732;32832000000.0;25521000000.0;6624000000.0;;31621000000.0;15542000000.0;16692360067.053772;1343606166.97068;170000000.0;16577000000.0;16623000000.0;;6568000000.0;107312500.0;740494529.5648482;14.213623046875
2012-09-30;9286000000.0;234000000.0;612000000.0;7581000000.0;-6000000.0;252000000.0;7409000000.0;10666666.666666666;43792000000.0;16267000000.0;2549000000.0;2621009149.915172;7000000.0;807000000.0;-1000000.0;806000000.0;;;;1224407375.256469;-394655128.5117607;;33417000000.0;2423000000.0;585000000.0;135666666.6666667;8198394673.338295;292000000.0;185000000.0;5758000000.0;399538461.5384616;12381958.89955972;402000000.0;111000000.0;8700000000.0;248000000.0;174000000.0;345000000.0;674000000.0;1237000000.0;0.0;564000000.0;79333333.33333334;40000000.0;510666666.6666667;-22666666.66666667;87333333.33333334;873000000.0;-26000000.0;153333333.33333334;215000000.0;-659000000.0;216000000.0;;93058124.49215764;59000000.0;70000000.0;52333333.333333336;2904000000.0;5787000000.0;206000000.0;;43792000000.0;12251000000.0;6997000000.0;6463000000.0;54000000.0;0.0;-454333333.3333334;-811333333.3333334;1547333333.3333333;784094040.5130752;-1000000.0;779921523.4487474;779314801.7231781;39596336.60250045;1201445730.278942;;1436000000.0;143000000.0;128000000.0;-35016453.87407686;-18000000.0;133000000.0;125000000.0;49816775.866326265;-3000000.0;-5000000.0;27000000.0;4000000.0;-1750000.0;;1934000000.0;-2000000.0;4172517.064327962;4779238.789897485;-6000000.0;238000000.0;101666666.66666669;148000000.0;14666666.666666666;673984220.6670083;5478893540.232681;31159667480.52644;33046482466.714485;33454000000.0;25873000000.0;7451000000.0;;31312000000.0;16119000000.0;19402633848.87506;1302435315.8313408;178000000.0;17332000000.0;17386000000.0;;6455000000.0;119625000.0;875276394.8318487;18.99325180053711
2013-03-31;9821000000.0;15000000.0;761000000.0;8072000000.0;-1000000.0;121000000.0;7245000000.0;11000000.0;45501000000.0;17206000000.0;1857000000.0;1940538820.643787;7000000.0;667000000.0;-2000000.0;665000000.0;;;;1207106461.8627424;90907142.63959122;;32413000000.0;2580000000.0;406000000.0;173000000.0;7643436835.598259;280000000.0;388000000.0;6131000000.0;407307692.3076923;12357539.857934617;430000000.0;111000000.0;7500000000.0;236000000.0;176000000.0;0.0;568500000.0;992000000.0;1500000.0;340000000.0;48000000.0;90000000.0;561000000.0;14000000.0;181000000.0;1074000000.0;-39000000.0;233000000.0;318000000.0;-409000000.0;203000000.0;;108033376.13416173;40000000.0;83000000.0;56000000.0;3832000000.0;6937000000.0;224000000.0;;45501000000.0;12705000000.0;6821000000.0;6463000000.0;75000000.0;0.0;-522000000.0;-860000000.0;1549000000.0;843398361.1131878;-2000000.0;836638354.4989858;836076741.0388266;-254728308.4845578;1183548956.9877086;;1694000000.0;-204000000.0;130000000.0;697369902.3657527;-2000000.0;13000000.0;2167638713.0574274;-241857231.9623528;-336000000.0;117000000.0;1000000.0;1000000.0;0.0;;1784000000.0;14000000.0;6760006.614201059;7321620.074361028;-4000000.0;304000000.0;111000000.0;384000000.0;22000000.0;653409161.4649743;6413264636.201981;31533810863.281742;33122506599.6688;34470000000.0;26398000000.0;7658000000.0;;30685000000.0;17575000000.0;25632197285.4632;1272427171.2418923;169000000.0;18343000000.0;18418000000.0;;6605000000.0;131937500.0;961815436.2685364;26.859310150146484
2013-06-30;9507000000.0;85000000.0;504000000.0;7701000000.0;-2000000.0;-99000000.0;7237000000.0;10666666.666666666;44177000000.0;16768000000.0;2398000000.0;2480875730.1156077;7000000.0;405000000.0;-1000000.0;404000000.0;;;;1236559933.9108336;92000000.0;;33229000000.0;2641000000.0;303000000.0;144666666.66666666;9640755809.174744;246000000.0;397000000.0;6159000000.0;415076923.0769231;12357484.897879109;405000000.0;118333333.33333331;6300000000.0;434333333.3333334;233000000.0;0.0;463000000.0;738000000.0;3000000.0;276000000.0;185000000.0;56000000.0;274333333.3333333;-28000000.0;104000000.0;1168000000.0;-21666666.666666668;155333333.3333333;146000000.0;-592000000.0;159000000.0;;95654057.0143014;45000000.0;78000000.0;62000000.0;3446000000.0;6446000000.0;220000000.0;;44177000000.0;12035000000.0;6522000000.0;6261000000.0;105000000.0;333333.3333333333;-452000000.0;-759333333.3333334;1114000000.0;484307211.88639504;-1000000.0;482568274.9807242;482274742.50662833;-135980613.06038442;1214016834.6013556;;1864000000.0;-64000000.0;-60000000.0;1002547.252472138;-2000000.0;-61000000.0;34221750.18401265;-124178957.91043606;-6000000.0;1000000.0;-10000000.0;-7000000.0;-3000000.0;;1697000000.0;11000000.0;1738936.9056705993;2032469.3797667087;11000000.0;278000000.0;118333333.33333331;136000000.0;22666666.666666668;462637918.7771791;9413118050.327682;31169060201.43243;36791609409.48544;33087000000.0;25386000000.0;7486000000.0;;31523000000.0;17593000000.0;60177025988.92844;1328449269.531095;57000000.0;17920000000.0;18025000000.0;;6818000000.0;144250000.0;924000000.0;22.488637924194336
2013-09-30;10998000000.0;96000000.0;598000000.0;8010000000.0;-4000000.0;83000000.0;7232000000.0;10333333.333333334;46293000000.0;18593000000.0;1908000000.0;1996005865.8031704;7000000.0;494000000.0;12000000.0;506000000.0;;;;1295417992.592842;92000000.0;;35605000000.0;3109000000.0;303000000.0;116333333.33333334;9068001285.464289;257000000.0;386000000.0;6312000000.0;;12357484.897879109;448000000.0;125666666.66666669;7100000000.0;632666666.6666667;170000000.0;0.0;312000000.0;447000000.0;0.0;123000000.0;322000000.0;108000000.0;-12333333.333333371;-70000000.0;27000000.0;1262000000.0;-4333333.333333336;77666666.66666666;-26000000.0;-775000000.0;160000000.0;;115563899.75274612;16000000.0;102000000.0;68000000.0;3582000000.0;7063000000.0;224000000.0;;46293000000.0;13668000000.0;6524000000.0;6261000000.0;117000000.0;666666.6666666666;-382000000.0;-658666666.6666666;679000000.0;142686429.38769487;12000000.0;146478886.41723052;146464826.05701908;71827853.93191893;1274902020.7543578;;1898000000.0;181000000.0;183000000.0;1002547.2524721408;-3000000.0;182000000.0;168487546.98118794;81758021.68041804;-5000000.0;1000000.0;3000000.0;2000000.0;1000000.0;;1665000000.0;17000000.0;-3792457.02953481;-3778396.669323838;26000000.0;252000000.0;125666666.66666669;131000000.0;23333333.33333333;324492476.8854504;9558163739.706726;30804309539.58312;40027452034.840416;33652000000.0;25642000000.0;9126000000.0;;33931000000.0;17804000000.0;86893165145.21997;1375847817.2651002;0.0;18270000000.0;18387000000.0;;6856000000.0;1150942781.2064755;924000000.0;22.5596923828125
2014-03-31;9617000000.0;667000000.0;488000000.0;8469000000.0;3000000.0;277000000.0;7134000000.0;10000000.0;47099000000.0;19030000000.0;3647000000.0;3736772241.8461914;7000000.0;755000000.0;8000000.0;763000000.0;;;;1204213103.857543;92000000.0;;32312000000.0;3500000000.0;704000000.0;88000000.0;8862481828.228432;256000000.0;311000000.0;6615000000.0;;12357484.897879109;421000000.0;133000000.0;7100000000.0;831000000.0;160000000.0;0.0;829000000.0;1266000000.0;-1000000.0;429000000.0;459000000.0;104000000.0;-299000000.0;-112000000.0;-50000000.0;1356000000.0;13000000.0;0.0;-198000000.0;-958000000.0;160000000.0;;117022147.7771058;17000000.0;100000000.0;74000000.0;3129000000.0;7106000000.0;230000000.0;;47099000000.0;12926000000.0;6526000000.0;5860000000.0;493000000.0;1000000.0;-312000000.0;-558000000.0;244000000.0;471985199.66824937;8000000.0;478740361.8158199;479065285.2642182;-144462591.30496824;1180555948.983391;;2303000000.0;-74000000.0;-72000000.0;1002547.2524721428;4000000.0;-73000000.0;-38865746.32449558;-132584548.91414446;2000000.0;1000000.0;7000000.0;5000000.0;2000000.0;;1290000000.0;15000000.0;-6755162.147567368;-7080085.59596775;41000000.0;226000000.0;133000000.0;134000000.0;24000000.0;836161176.615319;12061991302.981829;30439558877.733807;42623329053.8182;34235000000.0;25766000000.0;7783000000.0;;30630000000.0;19665000000.0;133517732164.38304;1282000000.0;0.0;19915000000.0;20408000000.0;;7168000000.0;262270821.82565784;924000000.0;35.43951416015625
2014-06-30;9355000000.0;421000000.0;584000000.0;8748000000.0;0.0;426000000.0;7132000000.0;9666666.666666666;47013000000.0;18450000000.0;3480000000.0;3569562225.5371776;7000000.0;737000000.0;5000000.0;742000000.0;;;;1251763412.1516016;91000000.0;;33829000000.0;3380000000.0;601000000.0;38333333.333333336;8132208578.681465;275000000.0;276000000.0;6659000000.0;;12357535.188115964;414000000.0;157333333.33333334;7200000000.0;1029333333.3333334;170000000.0;0.0;651000000.0;999000000.0;-63000000.0;343000000.0;405333333.3333333;93000000.0;-428666666.6666667;-21666666.66666667;-60000000.0;959333333.3333333;-666666.666666666;-2666666.6666666665;-167666666.66666666;-936000000.0;160000000.0;;117008110.67845362;18000000.0;98000000.0;75333333.33333333;2732000000.0;6526000000.0;232000000.0;0.0;47013000000.0;12523000000.0;6348000000.0;5784000000.0;509000000.0;2333333.333333333;-32666666.666666687;-609666666.6666666;640333333.3333333;387578974.3897084;5000000.0;392861451.4961684;392962158.4512401;45533721.37370913;1229743935.0798705;;2441000000.0;150000000.0;147000000.0;-17006953.310802363;-3000000.0;149000000.0;97565478.65930656;55700689.56892206;0.0;-2000000.0;-3000000.0;-3000000.0;0.0;;1327000000.0;12000000.0;-5282477.106457851;-5383184.061530898;32333333.333333336;259000000.0;157333333.33333334;124000000.0;17333333.333333332;655739869.0661924;11938153696.79309;30427035249.859158;43362266123.50425;34870000000.0;26122000000.0;7952000000.0;;32167000000.0;20120000000.0;97413006284.99425;1282000000.0;0.0;20211000000.0;20720000000.0;;7474000000.0;341083980.38080835;914000000.0;33.58967971801758
2014-09-30;9939000000.0;641000000.0;630000000.0;8983000000.0;0.0;149000000.0;7137000000.0;9333333.333333334;48455000000.0;19666000000.0;4191000000.0;4265940924.8195662;7000000.0;782000000.0;3000000.0;785000000.0;;;;1209867859.3636863;82000000.0;;32738000000.0;3100000000.0;600000000.0;-11333333.333333328;7520442899.116951;229000000.0;368000000.0;6601000000.0;;12357987.800247677;430000000.0;181666666.66666663;5800000000.0;545844834.5339433;180000000.0;-9644143.859427337;1059000000.0;1583000000.0;0.0;521000000.0;351666666.6666667;79000000.0;-558333333.3333334;68666666.66666666;-70000000.0;562666666.6666666;-14333333.333333332;-5333333.333333333;-137333333.33333334;-914000000.0;181155679.12636107;;119248314.38080633;17000000.0;98000000.0;76666666.66666667;3374000000.0;6860000000.0;230000000.0;0.0;48455000000.0;13460000000.0;6347000000.0;5783000000.0;508000000.0;3666666.6666666665;246666666.66666663;-661333333.3333334;1036666666.6666666;900292300.6812115;3000000.0;900555485.7592471;900689462.9581538;-314102156.1966445;1186405459.6426084;;2340000000.0;-274000000.0;-277000000.0;-5000619.601952681;0.0;-277000000.0;-115602990.05625585;-300696368.9883112;3000000.0;0.0;-5000000.0;-3000000.0;-2000000.0;;1549000000.0;11000000.0;-263185.07803365524;-397162.2769415083;23666666.666666668;292000000.0;181666666.66666663;132000000.0;10666666.666666666;1061781652.5262494;11415354105.954865;30414511621.984497;44574031737.336006;35432000000.0;26449000000.0;8175000000.0;;31023000000.0;21034000000.0;83591568138.86536;1282000000.0;0.0;20554000000.0;21062000000.0;;7773000000.0;1221194839.358221;1200000000.0;31.185218811035156
2015-03-31;6010000000.0;546000000.0;512000000.0;9425000000.0;0.0;-730000000.0;7083000000.0;9000000.0;45741000000.0;16788000000.0;4870000000.0;4924600594.063303;7000000.0;601000000.0;4000000.0;605000000.0;;;;1067020461.5716678;133000000.0;;19835000000.0;2646000000.0;200000000.0;-61000000.0;7494144197.529106;121000000.0;314000000.0;6624000000.0;;12355422.998167966;441000000.0;206000000.0;1800000000.0;1426000000.0;147000000.0;30821376.651286274;964000000.0;1418000000.0;0.0;450000000.0;298000000.0;53000000.0;-688000000.0;159000000.0;-80000000.0;166000000.0;-28000000.0;-8000000.0;-107000000.0;-892000000.0;362148624.5780705;;123683346.79097548;16000000.0;101000000.0;78000000.0;3554000000.0;6666000000.0;235000000.0;0.0;45741000000.0;8634000000.0;7393000000.0;7224000000.0;568000000.0;5000000.0;526000000.0;-713000000.0;1433000000.0;908249880.1062496;4000000.0;905630352.8392016;905700861.9342763;-392136356.0468155;1084000000.0;;2357000000.0;-366000000.0;-361000000.0;7005714.106896972;0.0;-363000000.0;-123031698.79716682;-378027806.2224277;-5000000.0;2000000.0;0.0;0.0;0.0;;1917000000.0;24000000.0;2619527.267049135;2549018.1719736764;15000000.0;325000000.0;206000000.0;154000000.0;4000000.0;967921178.155426;12180757493.817965;30401987994.109844;46474138909.49763;36021000000.0;26596000000.0;4924000000.0;;18163000000.0;22804000000.0;77576616998.746;1052000000.0;0.0;20774000000.0;21342000000.0;;8390000000.0;1234805321.9108095;884000000.0;43.43501663208008
2015-06-30;7315000000.0;349000000.0;529000000.0;9710000000.0;0.0;-529000000.0;7076000000.0;9750000.0;47599000000.0;18492000000.0;5764000000.0;5812772165.015409;7000000.0;1552000000.0;14000000.0;1566000000.0;;;;1125176207.7910702;56000000.0;;23040000000.0;2600000000.0;150000000.0;-15500000.0;7147074053.168144;141000000.0;315000000.0;6640000000.0;;12359295.346405964;425000000.0;225000000.0;3000000000.0;1513000000.0;178000000.0;0.0;1351000000.0;1973000000.0;0.0;608000000.0;247250000.0;13000000.0;-489000000.0;105750000.0;-94250000.0;87750000.0;-18750000.0;25500000.0;-108500000.0;-657250000.0;411445709.03437215;;132361969.81975655;16000000.0;113000000.0;82250000.0;3571000000.0;6618000000.0;241000000.0;0.0;47599000000.0;9865000000.0;7319000000.0;7199000000.0;553000000.0;5500000.0;258500000.0;-655000000.0;1234750000.0;1295987000.2521806;14000000.0;1294298723.9357853;1293959960.8465796;85399019.12325303;1043000000.0;;2373000000.0;197000000.0;203000000.0;7005714.106896978;0.0;201000000.0;162676536.56302556;95206967.2863511;-6000000.0;2000000.0;0.0;0.0;0.0;;1889000000.0;8000000.0;1688276.3163961344;2027039.405601556;11750000.0;310000000.0;225000000.0;157000000.0;6250000.0;1365441354.4666803;12200746442.007584;30559316069.28519;46973104645.48138;36444000000.0;26734000000.0;5799000000.0;;21394000000.0;23953000000.0;53124035402.846695;1207000000.0;0.0;21453000000.0;22006000000.0;;9054000000.0;700170397.2766972;927000000.0;43.02993392944336
2015-09-30;5679000000.0;386000000.0;595000000.0;9957000000.0;0.0;-795000000.0;7074000000.0;10500000.0;45825000000.0;16827000000.0;5301000000.0;5358657161.046728;7000000.0;1111000000.0;-4000000.0;1107000000.0;;;;1074397735.3051555;94000000.0;;20440000000.0;2728000000.0;129000000.0;30000000.0;7290987689.279488;98000000.0;387000000.0;6656000000.0;;12357384.317405391;482000000.0;244000000.0;1000000000.0;1538000000.0;179000000.0;0.0;1377000000.0;2030000000.0;0.0;657000000.0;196500000.0;7000000.0;-290000000.0;52500000.0;-108500000.0;9500000.0;-9500000.0;59000000.0;-110000000.0;-422500000.0;479895016.8880387;;131486702.15154234;18000000.0;112000000.0;86500000.0;3396000000.0;6557000000.0;243000000.0;0.0;45825000000.0;8289000000.0;7293000000.0;7252000000.0;547000000.0;6000000.0;-9000000.0;-597000000.0;1036500000.0;1344403052.4750626;-4000000.0;1340988312.7897644;1340846234.6420982;-310709364.8988109;1102000000.0;;2310000000.0;-270000000.0;-264000000.0;7005714.106896976;0.0;-266000000.0;-73893934.91429755;-297334132.5868277;-6000000.0;2000000.0;0.0;0.0;0.0;;1760000000.0;3000000.0;3414739.685298932;3556817.832964768;8500000.0;295000000.0;244000000.0;173000000.0;8500000.0;1372741699.014552;12368999221.968246;30716644144.460537;46166612881.749245;36645000000.0;26688000000.0;4691000000.0;;18677000000.0;25130000000.0;52180362924.8226;1113000000.0;169000000.0;21321000000.0;21868000000.0;;10095000000.0;1405663634.957482;634000000.0;41.57037353515625
2015-12-31;5329500000.0;340000000.0;505500000.0;10243500000.0;0.0;-798500000.0;7065500000.0;11250000.0;45042000000.0;15844000000.0;4539500000.0;4606571658.618607;7000000.0;868500000.0;7500000.0;876000000.0;;;;1068198867.6525778;127500000.0;;17662500000.0;2651000000.0;128500000.0;75500000.0;7279000000.0;98000000.0;387000000.0;7060000000.0;;12355699.594470676;483500000.0;263000000.0;904333333.3333334;1466500000.0;167500000.0;0.0;1377000000.0;1380000000.0;0.0;437000000.0;145750000.0;90500000.0;-91000000.0;-750000.0;-122750000.0;-68750000.0;-250000.0;92500000.0;-111500000.0;-187750000.0;472167038.4269649;19000000.0;130000000.0;19000000.0;110000000.0;90750000.0;3410000000.0;6306500000.0;246000000.0;0.0;45042000000.0;7532000000.0;7272500000.0;7229500000.0;693000000.0;6500000.0;-276500000.0;-539000000.0;838250000.0;921904748.4630952;7000000.0;919219230.791679;919041069.9788398;-144462591.30496824;1066000000.0;;2481500000.0;-74000000.0;-69500000.0;-20008536.738014765;0.0;-67000000.0;-54393178.377599776;-132584548.91414452;-4500000.0;-2500000.0;0.0;0.0;0.0;;1675000000.0;6000000.0;2685517.6714166827;2863678.4842558424;5250000.0;280000000.0;263000000.0;254000000.0;10750000.0;943105012.509294;12547985946.281876;30873972219.635887;45132335588.61837;36960000000.0;26716500000.0;4604500000.0;;16092000000.0;25265500000.0;36323429194.84636;1035000000.0;169000000.0;20988500000.0;21681500000.0;;10551000000.0;1107750166.5316882;659500000.0;49.257713317871094
2016-03-31;4980000000.0;294000000.0;416000000.0;10530000000.0;0.0;-802000000.0;7057000000.0;12000000.0;44259000000.0;14861000000.0;3778000000.0;3854486156.190484;7000000.0;626000000.0;19000000.0;645000000.0;;;458000000.0;1062000000.0;161000000.0;18553000000.0;14885000000.0;2574000000.0;128000000.0;121000000.0;7279000000.0;98000000.0;387000000.0;7192000000.0;485000000.0;12000000.0;485000000.0;282000000.0;808666666.6666666;1395000000.0;156000000.0;0.0;1377000000.0;730000000.0;0.0;217000000.0;95000000.0;174000000.0;108000000.0;-54000000.0;-137000000.0;-147000000.0;9000000.0;126000000.0;-113000000.0;47000000.0;493099727.9405881;19000000.0;130000000.0;20000000.0;108000000.0;95000000.0;3424000000.0;6056000000.0;249000000.0;0.0;44259000000.0;6775000000.0;7252000000.0;7207000000.0;839000000.0;7000000.0;-544000000.0;-481000000.0;640000000.0;499406444.45112735;18000000.0;497450148.79359335;497235905.3155809;21784182.288874447;1030000000.0;;2653000000.0;122000000.0;125000000.0;-47022787.5829265;0.0;132000000.0;-34892421.84090191;32165034.7585388;-3000000.0;-7000000.0;-1289073.2512741778;;;0.0;1590000000.0;9000000.0;1956295.657534374;2170539.135546897;2000000.0;265000000.0;282000000.0;335000000.0;13000000.0;513732759.0156375;10427341417.082443;31031300294.811237;39289320361.82343;37275000000.0;26745000000.0;4518000000.0;;13507000000.0;25401000000.0;11579568935.258451;957000000.0;169000000.0;20656000000.0;21495000000.0;;11007000000.0;1442853364.2071056;685000000.0;45.11906814575195
2016-06-30;5943000000.0;356000000.0;439000000.0;10774000000.0;;-1002000000.0;7055000000.0;12333333.333333334;45452000000.0;16180000000.0;4925000000.0;4997404527.48038;7000000.0;614000000.0;29000000.0;643000000.0;;;458000000.0;1062000000.0;173000000.0;18553000000.0;18353000000.0;2389000000.0;864000000.0;79333333.33333334;7279000000.0;48432874.95428056;;7192000000.0;471000000.0;12000000.0;471000000.0;293000000.0;713000000.0;1470000000.0;159000000.0;0.0;-1178497925.5486302;1134000000.0;;291000000.0;95333333.33333331;48000000.0;-30000000.0;-42333333.333333336;-84666666.66666666;-1000000.0;-666666.666666666;66333333.333333336;-116333333.33333331;-241000000.0;494986300.6435252;19000000.0;130000000.0;19000000.0;111000000.0;106000000.0;3271000000.0;6137000000.0;251000000.0;0.0;45452000000.0;8652000000.0;7430000000.0;6646000000.0;828000000.0;16000000.0;-580000000.0;-558666666.6666666;756000000.0;805294505.8886068;29000000.0;801861075.06327;801873447.2791058;-253031912.83564103;1001000000.0;;2683000000.0;-202000000.0;-199000000.0;1002547.2524721464;0.0;-200000000.0;-60315899.952458665;-240176113.7616112;-3000000.0;1000000.0;-1289073.2512741769;;;0.0;1471000000.0;14000000.0;3433430.8253371804;3421058.609501296;1666666.6666666667;281333333.3333333;293000000.0;190000000.0;2333333.333333334;843226171.8321236;11160395265.86676;30751084121.115837;39150973463.59303;37363000000.0;26589000000.0;4880000000.0;;17120000000.0;25933000000.0;9890105629.967695;1050000000.0;169000000.0;20576000000.0;21404000000.0;-10000000.0;11417000000.0;1588191299.9545388;681000000.0;36.263427734375
2016-09-30;5368000000.0;128000000.0;628000000.0;11037000000.0;;-1120000000.0;7108000000.0;12666666.666666666;46265000000.0;16878000000.0;5949000000.0;6005936221.878716;7000000.0;495000000.0;32000000.0;527000000.0;;19609000000.0;458000000.0;1062000000.0;198000000.0;18553000000.0;18757000000.0;2244000000.0;1064000000.0;37666666.66666667;7369000000.0;65628933.507572144;;7192000000.0;485500000.0;12000000.0;470000000.0;304000000.0;1200000000.0;1398000000.0;192000000.0;0.0;-4312560214.1416855;789000000.0;;201500000.0;95666666.66666669;50000000.0;-168000000.0;-30666666.666666668;-32333333.33333333;145000000.0;-10333333.333333332;6666666.666666672;-119666666.66666669;-529000000.0;564484454.3778707;14000000.0;129000000.0;14000000.0;115000000.0;117000000.0;3283000000.0;5979000000.0;250000000.0;0.0;46265000000.0;8224000000.0;8875000000.0;7888000000.0;791000000.0;25000000.0;-616000000.0;-636333333.3333334;872000000.0;514509166.636404;32000000.0;513182629.3406161;513166701.10275257;-180935097.75667864;1062000000.0;;2869000000.0;-117000000.0;-117000000.0;1002547.25247215;0.0;-118000000.0;-17130563.076131217;-168728590.2300903;0.0;1000000.0;-1289073.251274178;;;0.0;1654000000.0;12000000.0;1326537.2957878865;1342465.533651532;1333333.3333333335;297666666.6666667;304000000.0;228000000.0;-8333333.333333332;587863034.2082572;11855577384.164772;30470867947.42044;38950131955.77081;37555000000.0;26518000000.0;4672000000.0;;17033000000.0;26270000000.0;12531846036.072388;1036000000.0;169000000.0;20339000000.0;21130000000.0;-10000000.0;11926000000.0;1514070859.6228008;675000000.0;38.107444763183594
2017-03-31;6037000000.0;64000000.0;707000000.0;11580000000.0;;-1334000000.0;7096000000.0;13000000.0;46047000000.0;15908000000.0;4463000000.0;4520161932.188115;7000000.0;381000000.0;16000000.0;397000000.0;;19609000000.0;488000000.0;1124000000.0;146000000.0;21040000000.0;21235000000.0;2318000000.0;120000000.0;-4000000.0;7196000000.0;196145472.94712883;;7000684132.473233;500000000.0;12000000.0;470000000.0;315000000.0;1800000000.0;1272000000.0;192000000.0;0.0;-7725101540.131383;433000000.0;;112000000.0;96000000.0;50000000.0;-306000000.0;-19000000.0;20000000.0;291000000.0;-20000000.0;-53000000.0;-123000000.0;-817000000.0;458781383.7274605;13000000.0;134000000.0;14000000.0;121000000.0;128000000.0;3189000000.0;6025000000.0;250000000.0;0.0;46047000000.0;7899000000.0;7926000000.0;8369000000.0;826000000.0;34000000.0;-652000000.0;-714000000.0;988000000.0;233284687.2726624;16000000.0;234296423.24240863;234182781.2337413;-18929313.28512784;1117000000.0;;3148000000.0;74000000.0;77000000.0;1002547.2524721512;;76000000.0;114918599.83384798;-8181802.059261225;-3000000.0;1000000.0;-1289073.251274179;;;0.0;1932000000.0;26000000.0;-1011735.9697462696;-898093.9610789804;1000000.0;314000000.0;315000000.0;316000000.0;-19000000.0;321121197.7777936;12125255974.281364;30190651773.725044;40048109107.03778;38571000000.0;26991000000.0;5104000000.0;;19428000000.0;26366000000.0;11385684893.876904;971000000.0;169000000.0;19825000000.0;20651000000.0;-10000000.0;12310000000.0;292000000.0;663000000.0;48.61378479003906
2017-06-30;5456000000.0;75000000.0;955000000.0;11925000000.0;;-1123000000.0;7096000000.0;12500000.0;45974000000.0;15731000000.0;5207000000.0;4658000000.0;7000000.0;759000000.0;24000000.0;783000000.0;;19609000000.0;485000000.0;1111000000.0;255000000.0;21205000000.0;21383000000.0;2254000000.0;121000000.0;-2000000.0;7254000000.0;130170549.44932012;;6975494169.094126;499000000.0;14000000.0;470000000.0;312000000.0;1100000000.0;1384000000.0;175000000.0;0.0;-3521021110.9727306;768000000.0;;196000000.0;248000000.0;50000000.0;-311333333.3333333;-146666666.6666667;-30333333.333333336;236000000.0;-40666666.66666667;-9000000.0;-119000000.0;-593000000.0;486190809.9368946;15000000.0;134000000.0;14000000.0;119000000.0;127666666.66666669;2941000000.0;5674000000.0;252000000.0;0.0;45974000000.0;7683000000.0;7928000000.0;8366000000.0;842000000.0;22500000.0;-625666666.6666666;-726666666.6666666;704666666.6666667;468999999.9999997;24000000.0;468000000.0;467881903.8745938;42000000.0;1097000000.0;;3189000000.0;208000000.0;212000000.0;1002547.2524721472;;211000000.0;205829719.6049732;48000000.0;-4000000.0;1000000.0;-1289073.251274178;;;0.0;1906000000.0;27000000.0;1000000.0;1118096.1254059172;3333333.333333333;316000000.0;325000000.0;277000000.0;-16666666.666666666;571801567.841558;11934102143.570017;30397291633.656845;40182008855.10477;38979000000.0;27054000000.0;4573000000.0;-6000000.0;19609000000.0;26603000000.0;11169770050.203836;1076000000.0;169000000.0;19923000000.0;20765000000.0;-10000000.0;12660000000.0;284000000.0;421000000.0;49.99874496459961
2017-09-30;6677000000.0;292000000.0;817000000.0;12253000000.0;;-893000000.0;7060000000.0;12000000.0;47988000000.0;17442000000.0;5176000000.0;4658000000.0;7000000.0;1071000000.0;23000000.0;1094000000.0;;20329000000.0;484000000.0;1135000000.0;230000000.0;21948000000.0;21383000000.0;2357000000.0;121000000.0;0.0;7362000000.0;61282259.69138861;;7258457795.1992655;498500000.0;13000000.0;470000000.0;309000000.0;1900000000.0;1447000000.0;225000000.0;0.0;688582985.8347964;1241000000.0;;378000000.0;400000000.0;;-316666666.6666667;-274333333.3333334;-80666666.66666667;181000000.0;-61333333.333333336;35000000.0;-115000000.0;-369000000.0;475652353.89642537;20000000.0;134000000.0;20338905.47263682;114000000.0;127333333.33333331;3304000000.0;6137000000.0;253000000.0;0.0;47988000000.0;9130000000.0;7930000000.0;8364000000.0;854000000.0;11000000.0;-599333333.3333334;-739333333.3333334;421333333.3333334;469000000.0;22000000.0;468000000.0;468464674.9001594;42000000.0;1097000000.0;;3272000000.0;228000000.0;232000000.0;1002547.252472154;;231000000.0;219298033.64513972;48000000.0;-4000000.0;1000000.0;-1289073.2512741797;;;44000000.0;1908000000.0;23000000.0;1000000.0;535325.099839937;5666666.666666667;318000000.0;335000000.0;170000000.0;-14333333.333333332;859620250.9734061;11570725648.673409;30603931493.58865;39814262263.83307;39527000000.0;27274000000.0;5959000000.0;-6000000.0;20329000000.0;27135000000.0;12655439850.970596;1223000000.0;169000000.0;20370000000.0;21224000000.0;-10000000.0;12939000000.0;276000000.0;770000000.0;57.69581604003906
2018-03-31;7966000000.0;99000000.0;590000000.0;12812000000.0;;-983000000.0;7026000000.0;14000000.0;49376000000.0;18260000000.0;4658000000.0;4658000000.0;7000000.0;517000000.0;116000000.0;633000000.0;;23756000000.0;485000000.0;1136000000.0;206000000.0;25377000000.0;21383000000.0;2471000000.0;871000000.0;2000000.0;4711000000.0;-111110636.72837886;;7713244055.201403;498000000.0;13000000.0;470000000.0;345000000.0;3100000000.0;1464000000.0;238000000.0;0.0;2484996688.8749743;731000000.0;;149000000.0;552000000.0;;-322000000.0;-402000000.0;-131000000.0;126000000.0;-82000000.0;79000000.0;-111000000.0;-145000000.0;538812818.1441009;18000000.0;139000000.0;18010398.009950247;121000000.0;127000000.0;3569000000.0;6555000000.0;257000000.0;0.0;49376000000.0;10752000000.0;8392000000.0;8086000000.0;1048000000.0;11000000.0;-573000000.0;-752000000.0;138000000.0;468999999.99999946;113000000.0;468000000.0;467955161.4148069;42000000.0;1097000000.0;;3385000000.0;45000000.0;53000000.0;7005714.10689698;;51000000.0;115945126.42577907;48000000.0;-8000000.0;2000000.0;-1289073.251274177;;;10000000.0;2902000000.0;51000000.0;1000000.0;1044838.5851928776;8000000.0;320000000.0;345000000.0;233000000.0;-12000000.0;582712842.9855694;8770755410.728394;30810571353.520447;38918881368.97467;40543000000.0;27731000000.0;6814000000.0;-6000000.0;23756000000.0;29415000000.0;15678624184.730846;1226000000.0;169000000.0;21877000000.0;22925000000.0;-41000000.0;13588000000.0;256000000.0;905000000.0;69.77780151367188
2018-06-30;8963000000.0;220000000.0;641000000.0;13086000000.0;;-1262000000.0;7032000000.0;15000000.0;50678000000.0;18948000000.0;4451000000.0;4451000000.0;7000000.0;566000000.0;25000000.0;591000000.0;;27860000000.0;510000000.0;1110000000.0;206000000.0;29480000000.0;14885000000.0;2213000000.0;183000000.0;-6000000.0;4760000000.0;-479351940.8918207;;7791837959.77417;515666666.6666667;13000000.0;470000000.0;345000000.0;3900000000.0;1470000000.0;248000000.0;0.0;-8341205358.257858;1124000000.0;;249000000.0;348333333.3333334;;252000000.0;-264333333.3333333;-143000000.0;74666666.66666666;-71666666.66666667;47333333.33333333;-161666666.66666666;201666666.6666667;526207200.134943;20000000.0;144000000.0;22407562.189054757;124000000.0;116666666.66666669;3717000000.0;6420000000.0;259000000.0;0.0;50678000000.0;11341000000.0;8451000000.0;8876000000.0;1035000000.0;39000000.0;-508000000.0;-750333333.3333334;384333333.3333334;844999999.9999998;30000000.0;842000000.0;841950448.4377972;-286000000.0;1175681893.854125;;3550000000.0;-291000000.0;-282000000.0;0.0;0.0;-284000000.0;-83248273.91461243;-279000000.0;-9000000.0;2000000.0;-1289073.2512741787;;;21000000.0;2897000000.0;-5000000.0;3000000.0;3049551.562202671;6000000.0;225333333.3333333;355000000.0;542000000.0;-16333333.333333332;875171692.1768708;8970206280.41864;30661853272.508923;38541494154.21301;41266000000.0;28180000000.0;7535000000.0;-7000000.0;23756000000.0;29915000000.0;21052947835.52104;1334000000.0;169000000.0;21769000000.0;22804000000.0;-93000000.0;13923000000.0;252000000.0;1100000000.0;83.82268524169922
2018-09-30;10224000000.0;231000000.0;553000000.0;13413000000.0;;-1235000000.0;7042000000.0;11000000.0;51894000000.0;19891000000.0;3551000000.0;3551000000.0;7000000.0;883000000.0;21000000.0;904000000.0;;27701000000.0;504000000.0;1193000000.0;206000000.0;29398000000.0;14885000000.0;2607000000.0;199000000.0;-14000000.0;4725000000.0;-433559761.84080446;;7980802079.945396;533333333.3333333;13000000.0;470000000.0;341000000.0;4700000000.0;1338000000.0;209000000.0;;549431081.3934941;1150000000.0;;276000000.0;144666666.6666667;;826000000.0;-126666666.66666669;-155000000.0;23333333.33333333;-61333333.33333333;15666666.666666664;-212333333.3333333;548333333.3333334;508643501.8698254;23000000.0;134000000.0;27880323.38308463;111000000.0;106333333.33333331;4423000000.0;7501000000.0;260000000.0;0.0;51894000000.0;12482000000.0;8467000000.0;8877000000.0;1050000000.0;13000000.0;-443000000.0;-748666666.6666666;630666666.6666667;734000000.0000044;18000000.0;854000000.0;610000000.0;20000000.0;1147201975.4311326;;3575000000.0;23000000.0;31000000.0;0.0;0.0;30000000.0;57927395.60780443;27000000.0;-8000000.0;1000000.0;;;;10000000.0;2850000000.0;42000000.0;2000000.0;2000000.0;4000000.0;130666666.66666666;365000000.0;590000000.0;-20666666.666666664;-2.93947400583262e+20;8718179154.013687;30513135191.497395;38338654706.22637;41841000000.0;28428000000.0;8249000000.0;-7000000.0;23756000000.0;30430000000.0;21666629509.57391;1275000000.0;169000000.0;21910000000.0;22960000000.0;-15000000.0;14334000000.0;396000000.0;1400000000.0;88.00126647949219
2019-03-31;10005000000.0;65000000.0;772000000.0;13980000000.0;;-1352000000.0;6802000000.0;10000000.0;52095000000.0;18480000000.0;2777000000.0;2777000000.0;7000000.0;296000000.0;28000000.0;324000000.0;;21978000000.0;537000000.0;1215000000.0;2315463290.0244465;23730000000.0;14885000000.0;2338000000.0;1110000000.0;-22000000.0;4867000000.0;-287672200.37369;;7839850016.636122;551000000.0;14000000.0;470000000.0;375000000.0;3500000000.0;1330000000.0;209000000.0;;-94343625.19657683;218000000.0;;51000000.0;-59000000.0;;1400000000.0;11000000.0;-167000000.0;-28000000.0;-51000000.0;-16000000.0;-263000000.0;895000000.0;341444785.6660739;24000000.0;136000000.0;31201890.54726376;112000000.0;96000000.0;3572000000.0;6554000000.0;266000000.0;0.0;52095000000.0;12913000000.0;9511000000.0;9006000000.0;470000000.0;15500000.0;-378000000.0;-747000000.0;877000000.0;376499999.9999939;26000000.0;140000000.0;610000000.0;153000000.0;1240309611.006977;;5207000000.0;155000000.0;158000000.0;0.0;0.0;157000000.0;122335238.5325326;155000000.0;-3000000.0;1000000.0;;;;2000000.0;3530000000.0;22000000.0;1000000.0;2000000.0;2000000.0;36000000.0;375000000.0;860000000.0;-25000000.0;5.6741485932445984e+20;15521729970.52784;30364417110.485874;46046494079.76409;42388000000.0;28408000000.0;8289000000.0;-2000000.0;19411436771.247826;30810000000.0;14739615943.45348;961000000.0;169000000.0;21309000000.0;21779000000.0;-1000000.0;14958000000.0;34000000.0;1100000000.0;68.16789245605469
2019-06-30;10135000000.0;182000000.0;764000000.0;14326000000.0;;-1350000000.0;6812000000.0;11000000.0;52022000000.0;17811000000.0;2033000000.0;2033000000.0;7000000.0;614000000.0;40000000.0;654000000.0;;26083000000.0;552000000.0;1175000000.0;2433186560.064337;27810000000.0;14885000000.0;2092000000.0;323000000.0;-57000000.0;4899000000.0;-348621969.7762277;;7751309474.429975;558750000.0;14000000.0;470000000.0;376000000.0;2800000000.0;1410000000.0;199000000.0;;-453317541.6541956;808000000.0;;160000000.0;-14000000.0;;-5500000.0;-29750000.0;-145000000.0;-177750000.0;-750000.0;-10000000.0;-257500000.0;-70750000.0;304912801.90253735;24000000.0;136000000.0;30958084.577114504;112000000.0;94000000.0;3564000000.0;6281000000.0;269000000.0;0.0;52022000000.0;12548000000.0;8710000000.0;9167000000.0;492000000.0;18000000.0;-332250000.0;-749500000.0;645500000.0;612000000.0000012;36000000.0;610000000.0;610000000.0;0.0;1289269917.224902;;5427000000.0;0.0;7000000.0;5000000.0;0.0;6000000.0;45755834.74013912;2000000.0;-2000000.0;1000000.0;;;;2000000.0;3571000000.0;12000000.0;2000000.0;2000000.0;-1000000.0;63750000.0;381500000.0;447000000.0;-19000000.0;646661235.672947;15460515338.91787;30392595273.20385;46778564063.48051;43110000000.0;28784000000.0;9050000000.0;-2000000.0;22668488524.02224;31046000000.0;22079313043.847557;1144000000.0;169000000.0;21345000000.0;21837000000.0;-1000000.0;15170000000.0;212000000.0;1200000000.0;67.19131469726562
2019-09-30;9504000000.0;168000000.0;881000000.0;14649000000.0;;-1529000000.0;6818000000.0;9000000.0;51229000000.0;17033000000.0;2137000000.0;2137000000.0;7000000.0;430000000.0;28000000.0;458000000.0;19000000.0;24335000000.0;556000000.0;1239000000.0;2310028162.045513;26130000000.0;14885000000.0;2051000000.0;402000000.0;-92000000.0;4920000000.0;-394134932.1946165;;7638006416.302496;566500000.0;11000000.0;470000000.0;372000000.0;2600000000.0;1399000000.0;217000000.0;;-7996959809.352179;804000000.0;;165000000.0;31000000.0;;-1411000000.0;-70500000.0;-123000000.0;-327500000.0;49500000.0;-4000000.0;-252000000.0;-1036500000.0;377828471.4742387;22000000.0;133000000.0;28563084.5771145;111000000.0;92000000.0;3746000000.0;6376000000.0;273000000.0;0.0;51229000000.0;12130000000.0;8788000000.0;9170000000.0;481000000.0;39000000.0;-286500000.0;-752000000.0;414000000.0;-1851000000.0;30000000.0;608000000.0;608000000.0;-179000000.0;1292412276.0490637;;5306000000.0;-180000000.0;-181000000.0;-4000000.0;;-181000000.0;-74923038.82299837;-179000000.0;-3000000.0;0.0;;;;10000000.0;3421000000.0;34000000.0;1000000.0;1000000.0;-4000000.0;91500000.0;388000000.0;526000000.0;-13000000.0;3.283758659672272e+21;15681999999.999954;30420773435.92182;46334999999.99995;43539000000.0;28890000000.0;7994000000.0;0.0;21261589650.657227;31283000000.0;22102000000.0;1175000000.0;169000000.0;21107000000.0;21588000000.0;1000000.0;15472000000.0;306000000.0;1100000000.0;68.73462677001953
2019-12-31;7705000000.0;111500000.0;873500000.0;15030000000.0;;-1733000000.0;6816000000.0;16500000.0;49488000000.0;14249000000.0;1826000000.0;1826000000.0;7000000.0;-1003500000.0;69500000.0;-934000000.0;19000000.0;22143500000.0;562500000.0;1181500000.0;2540229320.226799;25158500000.0;14885000000.0;2033500000.0;644000000.0;-127000000.0;4914500000.0;-277047991.0219276;;7079351002.518261;574250000.0;12000000.0;470000000.0;386500000.0;2616666666.6666665;1383500000.0;197000000.0;;-1139970059.8198876;-783000000.0;;-225500000.0;76000000.0;;-2816500000.0;-111250000.0;-101000000.0;-477250000.0;99750000.0;2000000.0;-246500000.0;-2002250000.0;481386523.5299764;21000000.0;139000000.0;27243681.59203987;118000000.0;90000000.0;3681000000.0;5025500000.0;275000000.0;1271000000.0;49488000000.0;10431000000.0;9018000000.0;9872000000.0;662000000.0;20000000.0;-240750000.0;-754500000.0;182500000.0;-1851000000.0;63500000.0;-622000000.0;-621500000.0;-382000000.0;1318961460.5358686;;5531000000.0;-393500000.0;-373500000.0;12500000.0;;-376500000.0;-147362924.90581214;-382500000.0;-7500000.0;3000000.0;;;;6000000.0;3634000000.0;33000000.0;1000000.0;500000.0;-7000000.0;119250000.0;394500000.0;704500000.0;-7000000.0;1.6418793298352587e+21;15682000000.0;30653000000.0;46335000000.0;44294000000.0;29264000000.0;6693000000.0;500000.0;19887533869.26238;30502500000.0;22102000000.0;1097000000.0;169000000.0;19974500000.0;20636500000.0;-8000000.0;15618000000.0;218000000.0;1100000000.0;76.19471740722656
2020-03-31;5906000000.0;55000000.0;866000000.0;15263000000.0;;-1937000000.0;6814000000.0;24000000.0;47747000000.0;11465000000.0;1515000000.0;1515000000.0;7000000.0;-2437000000.0;111000000.0;-2326000000.0;19000000.0;19952000000.0;569000000.0;1124000000.0;1932750157.937004;24187000000.0;14885000000.0;2016000000.0;886000000.0;-162000000.0;4909000000.0;-159961049.84923875;;6406891624.865985;582000000.0;13000000.0;470000000.0;401000000.0;2633333333.333333;1368000000.0;177000000.0;;5717019689.712342;-2370000000.0;;-616000000.0;121000000.0;;-4222000000.0;-152000000.0;-79000000.0;-627000000.0;150000000.0;8000000.0;-241000000.0;-2968000000.0;596936110.9630169;20000000.0;145000000.0;25924278.606965244;125000000.0;88000000.0;3616000000.0;3675000000.0;277000000.0;2542000000.0;47747000000.0;8732000000.0;9248000000.0;10574000000.0;843000000.0;1000000.0;-195000000.0;-757000000.0;-49000000.0;-1851000000.0;97000000.0;-1852000000.0;-1851000000.0;-585000000.0;1345510645.022674;-2277000000.0;5756000000.0;-607000000.0;-566000000.0;29000000.0;;-572000000.0;-219802810.98862547;-586000000.0;-12000000.0;6000000.0;;;;2000000.0;3847000000.0;32000000.0;1000000.0;0.0;-10000000.0;147000000.0;401000000.0;883000000.0;-1000000.0;-1754000000.0;15682000000.0;30653000000.0;46335000000.0;45789000000.0;30526000000.0;5392000000.0;1000000.0;18513478087.86754;29722000000.0;22102000000.0;1019000000.0;169000000.0;18842000000.0;19685000000.0;-17000000.0;15764000000.0;130000000.0;1100000000.0;37.33913040161133
2020-06-30;4652000000.0;117000000.0;861000000.0;15263000000.0;;-1799000000.0;6824000000.0;12000000.0;49099000000.0;12762000000.0;2319000000.0;2319000000.0;7000000.0;1391000000.0;70000000.0;1461000000.0;34000000.0;9079000000.0;566000000.0;1027000000.0;1770184238.7154408;8424000000.0;14885000000.0;2000000000.0;587000000.0;-181250000.0;5305000000.0;-364221556.3052316;;6772930224.980291;581000000.0;12000000.0;470000000.0;400000000.0;2650000000.0;784000000.0;169000000.0;;-37129104658.24639;1674000000.0;;339000000.0;99750000.0;;-2418500000.0;-107500000.0;-33000000.0;-514000000.0;100750000.0;12000000.0;-216750000.0;-1489500000.0;629898137.1128781;19000000.0;161000000.0;23773718.90547269;142000000.0;91750000.0;3161000000.0;5420000000.0;276000000.0;-2248000000.0;49099000000.0;7300000000.0;10429000000.0;12090000000.0;787000000.0;126000000.0;-256000000.0;-712750000.0;-49750000.0;1253000000.0;82000000.0;1249000000.0;1249000000.0;136000000.0;1349659756.5143335;1789000000.0;5684000000.0;138000000.0;125000000.0;-25000000.0;;126000000.0;105214118.3915506;138000000.0;-12000000.0;-1000000.0;;;;3000000.0;3770000000.0;27000000.0;4000000.0;4000000.0;-8000000.0;113750000.0;400750000.0;871000000.0;-1000000.0;1335000000.0;15682000000.0;30653000000.0;46335000000.0;45789000000.0;30526000000.0;4152000000.0;-2000000.0;7240179615.85178;30575000000.0;10397000000.0;1083000000.0;169000000.0;19847000000.0;20634000000.0;2000000.0;15760000000.0;104200000.0;912000000.0;49.179962158203125
2020-09-30;5237000000.0;57000000.0;926000000.0;15263000000.0;;-1571000000.0;6834000000.0;12000000.0;51732000000.0;15422000000.0;4047000000.0;4047000000.0;7000000.0;-236000000.0;87000000.0;-149000000.0;43000000.0;14801000000.0;602000000.0;1117000000.0;1698275886.0202255;16207000000.0;14885000000.0;1625000000.0;636000000.0;-200500000.0;5297000000.0;-428789125.59390473;;6913334944.566364;580000000.0;12000000.0;470000000.0;399000000.0;2666666666.6666665;1339000000.0;186000000.0;;-22321547544.72107;-716000000.0;;-337000000.0;78500000.0;;-615000000.0;-63000000.0;13000000.0;-401000000.0;51500000.0;16000000.0;-192500000.0;-11000000.0;839905177.7141799;19000000.0;162000000.0;22698756.21890552;143000000.0;95500000.0;3180000000.0;5357000000.0;283000000.0;-313000000.0;51732000000.0;8122000000.0;12967000000.0;14577000000.0;793000000.0;81000000.0;-317000000.0;-668500000.0;-50500000.0;-464000000.0;85000000.0;-465000000.0;-465000000.0;217000000.0;1442468699.734919;-621000000.0;5581000000.0;217000000.0;234000000.0;5000000.0;;230000000.0;261737744.77119136;228000000.0;-12000000.0;4000000.0;;;;25000000.0;3720000000.0;48000000.0;1000000.0;1000000.0;-6000000.0;80500000.0;400500000.0;417000000.0;-1000000.0;-379000000.0;16128000000.0;30729000000.0;46857000000.0;45789000000.0;30526000000.0;5601000000.0;-11000000.0;12932066711.900146;29712000000.0;15809000000.0;1266000000.0;169000000.0;19223000000.0;20016000000.0;-1000000.0;15759000000.0;78400000.0;911000000.0;36.86271667480469
2020-12-31;7175000000.0;98500000.0;1006500000.0;;;-1368000000.0;6822000000.0;20000000.0;52673000000.0;16506500000.0;3150500000.0;3150500000.0;7000000.0;-425500000.0;87000000.0;-338500000.0;73500000.0;16896500000.0;584000000.0;1386500000.0;1753969344.7985263;18710500000.0;14885000000.0;1786000000.0;685000000.0;-219750000.0;5165500000.0;-388421141.7645312;;8258507202.047146;579000000.0;12000000.0;470000000.0;399500000.0;;1229500000.0;197000000.0;;-8396048498.515514;-743000000.0;;-242500000.0;57250000.0;;1188500000.0;-18500000.0;59000000.0;-288000000.0;2250000.0;20000000.0;-168250000.0;1467500000.0;685281895.313721;17000000.0;163000000.0;19472599.50248759;146000000.0;99250000.0;3232000000.0;5619000000.0;286000000.0;-156500000.0;52673000000.0;10214500000.0;13013000000.0;14253500000.0;859500000.0;41500000.0;-378000000.0;-624250000.0;-51250000.0;-584000000.0;83500000.0;-585000000.0;-585000000.0;144500000.0;1354307096.455728;-643500000.0;5612500000.0;146500000.0;167500000.0;7500000.0;;162000000.0;244707539.3871724;158500000.0;-13500000.0;5500000.0;;;;31500000.0;3668000000.0;46500000.0;1000000.0;1000000.0;-4000000.0;47250000.0;400250000.0;429500000.0;-1000000.0;-500500000.0;16559500000.0;30554000000.0;47113500000.0;41171699677.57715;10360874141.734957;7307500000.0;-14000000.0;14592768949.398684;28780500000.0;18307500000.0;1249500000.0;169000000.0;18512000000.0;19371500000.0;-7000000.0;15729500000.0;52600000.0;1055500000.0;49.00026321411133
2021-03-31;9113000000.0;140000000.0;1087000000.0;;;-1165000000.0;6810000000.0;28000000.0;53614000000.0;17591000000.0;2254000000.0;2254000000.0;7000000.0;-615000000.0;87000000.0;-528000000.0;104000000.0;18992000000.0;566000000.0;1656000000.0;1739522567.5188792;21214000000.0;14885000000.0;1947000000.0;734000000.0;-239000000.0;5034000000.0;-413908268.61513007;;8138235755.514444;578000000.0;12000000.0;470000000.0;400000000.0;2700000000.0;1120000000.0;208000000.0;;5529450547.690082;-770000000.0;;-148000000.0;36000000.0;;2992000000.0;26000000.0;105000000.0;-175000000.0;-47000000.0;24000000.0;-144000000.0;2946000000.0;682296270.5494744;15000000.0;164000000.0;16246442.786069663;149000000.0;103000000.0;3284000000.0;5881000000.0;289000000.0;0.0;53614000000.0;12307000000.0;13024000000.0;13930000000.0;926000000.0;2000000.0;-439000000.0;-580000000.0;-52000000.0;-704000000.0;82000000.0;-705000000.0;-705000000.0;72000000.0;1266145493.1765363;-666000000.0;5644000000.0;76000000.0;101000000.0;10000000.0;;94000000.0;227677334.00315335;89000000.0;-15000000.0;7000000.0;;;;38000000.0;3616000000.0;45000000.0;1000000.0;1000000.0;-2000000.0;14000000.0;400000000.0;442000000.0;-1000000.0;-622000000.0;16991000000.0;30379000000.0;47370000000.0;41209036875.55994;10195782562.753082;9014000000.0;-17000000.0;17316685136.517975;27849000000.0;20806000000.0;1233000000.0;169000000.0;17801000000.0;18727000000.0;-13000000.0;15700000000.0;26800000.0;1200000000.0;62.97456359863281
2021-06-30;10168000000.0;179000000.0;1286000000.0;;;-1089000000.0;6819000000.0;13000000.0;55456000000.0;19372000000.0;3572000000.0;3572000000.0;7000000.0;238000000.0;127000000.0;365000000.0;40000000.0;25249000000.0;576000000.0;1214000000.0;1595004302.173584;27039000000.0;14885000000.0;2272000000.0;1044000000.0;-237333333.3333333;5142000000.0;-724184342.703242;;8268469766.302528;587333333.3333334;12000000.0;470000000.0;401000000.0;4100000000.0;1422000000.0;176000000.0;;6727821689.241364;461000000.0;;169000000.0;92000000.0;;2909333333.333333;113333333.33333331;30000000.0;196666666.6666667;-5000000.0;41666666.66666667;-84000000.0;2848333333.333333;689174207.7164693;12000000.0;162000000.0;10359950.248756208;150000000.0;99666666.66666669;3173000000.0;6103000000.0;292000000.0;0.0;55456000000.0;14214000000.0;13024000000.0;13636000000.0;1053000000.0;2000000.0;-702000000.0;-667000000.0;161333333.33333334;162000000.0;130000000.0;160000000.0;160000000.0;59000000.0;1353930780.5856743;509000000.0;5623000000.0;69000000.0;75000000.0;-7000000.0;;73000000.0;124691463.10462776;76000000.0;-13000000.0;2000000.0;;;;12000000.0;3760000000.0;102000000.0;2000000.0;2000000.0;-2000000.0;57333333.333333336;400333333.3333333;565000000.0;-4000000.0;292000000.0;17391000000.0;30461000000.0;47852000000.0;41710382771.021545;10578537827.672333;9132000000.0;-18000000.0;22151217497.07382;27610000000.0;27748000000.0;1537000000.0;169000000.0;17651000000.0;18704000000.0;1000000.0;15696000000.0;1000000.0;1000000000.0;69.54209899902344
2021-09-30;9820000000.0;244000000.0;1539000000.0;;;-1338000000.0;6830000000.0;11000000.0;54691000000.0;18790000000.0;3498000000.0;3498000000.0;7000000.0;214000000.0;35000000.0;249000000.0;67000000.0;26624000000.0;630000000.0;1348000000.0;1292688480.1113665;28602000000.0;14885000000.0;1646000000.0;1162000000.0;-235666666.66666663;5110000000.0;-780439275.4342004;;8201445530.908754;596666666.6666666;11000000.0;470000000.0;400000000.0;5200000000.0;1610000000.0;195000000.0;;5507590444.413759;573000000.0;;65000000.0;148000000.0;;2826666666.6666665;200666666.66666663;-45000000.0;568333333.3333334;37000000.0;59333333.333333336;-24000000.0;2750666666.6666665;728316440.2871507;10000000.0;162000000.0;5549054.72636812;152000000.0;96333333.33333331;3944000000.0;6227000000.0;291000000.0;0.0;54691000000.0;14313000000.0;13024000000.0;13071000000.0;1113000000.0;2000000.0;-965000000.0;-754000000.0;374666666.6666667;463000000.0;45000000.0;462000000.0;462000000.0;-263000000.0;1493276968.4902225;693000000.0;5461000000.0;-259000000.0;-260000000.0;-17000000.0;;-259000000.0;-143123663.05699652;-249000000.0;-16000000.0;-1000000.0;;;;19000000.0;3608000000.0;32000000.0;1000000.0;1000000.0;-2000000.0;100666666.66666669;400666666.6666667;438000000.0;-7000000.0;508000000.0;17795000000.0;30440000000.0;48235000000.0;42406703316.18977;11474995894.627106;8627000000.0;-12000000.0;23237043773.216377;27673000000.0;29520000000.0;1548000000.0;169000000.0;17476000000.0;18589000000.0;500000.0;15696000000.0;72500000.0;1200000000.0;63.758731842041016
2022-03-31;15236000000.0;632000000.0;1140000000.0;;;-1009000000.0;6832000000.0;32000000.0;60402000000.0;23313000000.0;2638000000.0;2638000000.0;7000000.0;904000000.0;39000000.0;943000000.0;164000000.0;34949000000.0;595000000.0;1379000000.0;2456533126.4707737;36923000000.0;14885000000.0;2068000000.0;1295000000.0;-234000000.0;4971000000.0;-1007329354.2438104;;8916651481.310053;606000000.0;11000000.0;470000000.0;401000000.0;9300000000.0;1423000000.0;205000000.0;;5810358717.478283;1219000000.0;;252000000.0;204000000.0;;2744000000.0;288000000.0;-120000000.0;940000000.0;79000000.0;77000000.0;36000000.0;2653000000.0;690791.9373669028;12000000.0;157000000.0;5040547.263681524;145000000.0;93000000.0;4199000000.0;7174000000.0;298000000.0;0.0;60402000000.0;19785000000.0;14914540049.056747;11866000000.0;1589000000.0;2000000.0;-1228000000.0;-841000000.0;588000000.0;905000000.0;62000000.0;902000000.0;902000000.0;-54000000.0;1387312442.2404325;1384000000.0;6213000000.0;13000000.0;-24000000.0;-45000000.0;;-24000000.0;26347173.35212336;-1000000.0;-8000000.0;0.0;;;;19000000.0;3370000000.0;-20000000.0;3000000.0;3000000.0;-2000000.0;144000000.0;401000000.0;421000000.0;-10000000.0;967000000.0;18612000000.0;30876000000.0;49488000000.0;43136014598.26785;9480022996.467133;13080000000.0;-53000000.0;30250672375.628536;28785000000.0;38542000000.0;1482000000.0;169000000.0;18821000000.0;20410000000.0;0.0;15794000000.0;144000000.0;1600000000.0;93.97181701660156
2022-06-30;16643000000.0;1593000000.0;1112000000.0;;;-1425000000.0;6845000000.0;15000000.0;64345000000.0;27409000000.0;5392000000.0;5392000000.0;7000000.0;4277000000.0;101000000.0;4378000000.0;109000000.0;42946000000.0;590000000.0;1626000000.0;7507039637.919266;45162000000.0;14885000000.0;1888000000.0;1022000000.0;-162000000.0;4792000000.0;-1185729957.0162926;;10278305637.09241;619500000.0;12000000.0;470000000.0;399000000.0;9700000000.0;1254000000.0;233000000.0;;9452055249.690533;6110000000.0;;1342000000.0;307000000.0;;1490750000.0;245000000.0;-105250000.0;865250000.0;95500000.0;67000000.0;21250000.0;1394500000.0;157315895.9465765;14000000.0;156000000.0;7845584.577114383;142000000.0;90250000.0;4328000000.0;7147000000.0;297000000.0;0.0;64345000000.0;21969000000.0;15557308415.19497;11858000000.0;1764000000.0;1000000.0;-1420500000.0;-768000000.0;1233500000.0;4693000000.0;75000000.0;4676000000.0;4676000000.0;-491000000.0;1339967698.6204696;6219000000.0;6182000000.0;-442000000.0;-383000000.0;50000000.0;;-390000000.0;-84518734.1035915;-416000000.0;-9000000.0;7000000.0;;;;15000000.0;2993000000.0;33000000.0;17000000.0;17000000.0;-2500000.0;470750000.0;395500000.0;431000000.0;-7750000.0;4768000000.0;18848000000.0;30754000000.0;49602000000.0;41353381083.70632;7003228952.156616;14439000000.0;-73000000.0;37003982577.52521;33079000000.0;51641000000.0;1599000000.0;169000000.0;20969000000.0;22733000000.0;3000000.0;17537000000.0;1748000000.0;1500000000.0;99.16184997558594
2022-09-30;13003000000.0;652000000.0;1265000000.0;;;-1997000000.0;6858000000.0;13000000.0;59329000000.0;22696000000.0;3969000000.0;3969000000.0;7000000.0;2245000000.0;129000000.0;2374000000.0;102000000.0;38064000000.0;621000000.0;1746000000.0;10590243280.780664;40431000000.0;14885000000.0;1781000000.0;1006000000.0;-90000000.0;4938000000.0;-944037067.7048482;;10383246809.901297;633000000.0;11000000.0;470000000.0;386000000.0;8600000000.0;1213000000.0;214000000.0;;-22668479696.5696;3728000000.0;;816000000.0;410000000.0;;237500000.0;202000000.0;-90500000.0;790500000.0;112000000.0;57000000.0;6500000.0;136000000.0;297442253.13933694;16000000.0;154000000.0;10650621.890547212;138000000.0;87500000.0;4008000000.0;6628000000.0;301000000.0;;59329000000.0;17237000000.0;14632511663.199158;10570000000.0;1803000000.0;90000000.0;-1613000000.0;-695000000.0;1879000000.0;2817000000.0;95000000.0;2806000000.0;2806000000.0;-576000000.0;1414243655.207264;3792000000.0;6125000000.0;-606000000.0;-529000000.0;69000000.0;;-538000000.0;-144207578.0001623;-572000000.0;-8000000.0;9000000.0;;;;6000000.0;2869000000.0;74000000.0;11000000.0;11000000.0;-3000000.0;797500000.0;390000000.0;518000000.0;-5500000.0;2912000000.0;19130000000.0;30508000000.0;49638000000.0;40626505178.23391;4186605515.992584;11581000000.0;-4000000.0;32584109465.6922;35510000000.0;44454000000.0;1311000000.0;169000000.0;21912000000.0;23715000000.0;-1000000.0;18466000000.0;928000000.0;1300000000.0;100.56591796875
2022-12-31;11750500000.0;759500000.0;1216500000.0;;;-1601000000.0;6867500000.0;26000000.0;59753000000.0;23015500000.0;4745000000.0;4862000000.0;7000000.0;2733000000.0;118500000.0;2851500000.0;73500000.0;34034500000.0;635500000.0;1611500000.0;15533350001.148014;36281500000.0;14885000000.0;1800500000.0;1132000000.0;-18000000.0;5109000000.0;-981714608.6787742;;11036457721.694878;646500000.0;10500000.0;470000000.0;382500000.0;7300000000.0;1317500000.0;229000000.0;;-24244206946.50738;3877000000.0;;848000000.0;513000000.0;;-1015750000.0;159000000.0;-75750000.0;715750000.0;128500000.0;47000000.0;-8250000.0;-1122500000.0;435454097.737746;11000000.0;153000000.0;5926480.099502439;142000000.0;84750000.0;4064000000.0;7041500000.0;311500000.0;;59753000000.0;16301000000.0;15789071920.50952;10371500000.0;1946500000.0;93666666.66666669;-1805500000.0;-622000000.0;2524500000.0;2942000000.0;87000000.0;2931500000.0;2931500000.0;-576000000.0;1474296037.444536;3917500000.0;6093500000.0;-236000000.0;-172500000.0;63000000.0;;-177500000.0;16774751.100593269;-572000000.0;-500000.0;5000000.0;;;;8000000.0;2580500000.0;101500000.0;10500000.0;10500000.0;-3500000.0;1124250000.0;384500000.0;594500000.0;-3250000.0;3029000000.0;19589000000.0;30644000000.0;50233000000.0;40437142052.57756;3019124342.6222534;10634500000.0;-4000000.0;29311819876.29687;38222500000.0;40446500000.0;1442500000.0;169000000.0;23444500000.0;25468000000.0;0.0;20197000000.0;1197000000.0;1300000000.0;113.77257537841797
2023-03-31;10498000000.0;867000000.0;1168000000.0;;;-1205000000.0;6877000000.0;39000000.0;60177000000.0;23335000000.0;5521000000.0;5521000000.0;7000000.0;3221000000.0;108000000.0;3329000000.0;45000000.0;30005000000.0;650000000.0;1477000000.0;19732487194.464893;32132000000.0;14885000000.0;1820000000.0;1258000000.0;54000000.0;5280000000.0;-1019392149.6527;;11683588575.018316;660000000.0;10000000.0;470000000.0;379000000.0;6000000000.0;1422000000.0;244000000.0;;-25819934196.44516;4026000000.0;;880000000.0;616000000.0;;-2269000000.0;116000000.0;-61000000.0;641000000.0;145000000.0;37000000.0;-23000000.0;-2381000000.0;557340660.40559;6000000.0;152000000.0;1202338.308457667;146000000.0;82000000.0;4120000000.0;7455000000.0;322000000.0;;60177000000.0;15365000000.0;16949354108.614431;10173000000.0;2090000000.0;97333333.33333331;-1998000000.0;-549000000.0;3170000000.0;3067000000.0;79000000.0;3057000000.0;3057000000.0;-576000000.0;1534348419.681809;4043000000.0;6062000000.0;134000000.0;184000000.0;57000000.0;;183000000.0;177757080.20134884;-572000000.0;7000000.0;1000000.0;;;;10000000.0;2292000000.0;129000000.0;10000000.0;10000000.0;-4000000.0;1451000000.0;379000000.0;671000000.0;-1000000.0;3146000000.0;20048000000.0;30780000000.0;50828000000.0;39829043358.97142;3816887254.213196;9688000000.0;-4000000.0;26039530286.9016;40935000000.0;36439000000.0;1574000000.0;169000000.0;24977000000.0;27067000000.0;1000000.0;21637000000.0;1466000000.0;1300000000.0;133.2772979736328
2023-06-30;10825000000.0;322000000.0;1117000000.0;;;-971000000.0;6889000000.0;14000000.0;60667000000.0;23695000000.0;5075000000.0;5075000000.0;7000000.0;2178000000.0;154000000.0;2332000000.0;85000000.0;29430000000.0;658000000.0;1440000000.0;23494243791.10464;31528000000.0;14885000000.0;1980000000.0;1193000000.0;23250000.0;5382000000.0;-900987125.8524328;;12113487401.91063;668750000.0;11000000.0;470000000.0;367000000.0;5100000000.0;1449000000.0;209000000.0;;-27279572096.90371;2717000000.0;;595000000.0;487750000.0;;-1734250000.0;149000000.0;-86500000.0;569750000.0;96250000.0;6250000.0;-42750000.0;-1850000000.0;562652477.3709006;3000000.0;151000000.0;-1148967.6616915818;148000000.0;86500000.0;3773000000.0;6961000000.0;330000000.0;;60667000000.0;14948000000.0;17496571674.55066;10130000000.0;2143000000.0;101000000.0;-1909500000.0;-571000000.0;2839000000.0;1944000000.0;178000000.0;1938000000.0;1938000000.0;136290888.59075588;1562540694.4855158;2759000000.0;6402000000.0;257000000.0;204000000.0;-47000000.0;;210000000.0;69956733.34262873;145640513.3086012;6000000.0;-6000000.0;;;;2000000.0;2213000000.0;106000000.0;6000000.0;6000000.0;-3500000.0;1344000000.0;373250000.0;771000000.0;-750000.0;2122000000.0;20555000000.0;30570000000.0;51125000000.0;38921709627.666245;2005590135.2929688;10888000000.0;;25600091283.19986;42512000000.0;34509000000.0;1491000000.0;169000000.0;25851000000.0;27994000000.0;0.0;22586000000.0;951000000.0;1000000000.0;113.02337646484375
2023-09-30;13342000000.0;278000000.0;1219000000.0;;;-1325000000.0;6900000000.0;15000000.0;63175000000.0;26577000000.0;5831000000.0;5831000000.0;7000000.0;2268000000.0;2000000.0;2270000000.0;38000000.0;32385000000.0;671000000.0;1578000000.0;28730768127.693043;34634000000.0;14885000000.0;1878000000.0;1334000000.0;-7500000.0;5231000000.0;-898042374.4226671;;12820363745.446495;677500000.0;11000000.0;470000000.0;360000000.0;6100000000.0;1468000000.0;250000000.0;;-15665101918.253893;3476000000.0;;813000000.0;359500000.0;;-1199500000.0;182000000.0;-112000000.0;498500000.0;47500000.0;-24500000.0;-62500000.0;-1319000000.0;689125506.6434963;4000000.0;153000000.0;802114.4278606689;149000000.0;91000000.0;4232000000.0;7513000000.0;336000000.0;;63175000000.0;17592000000.0;17440599495.87417;10107000000.0;2082000000.0;63000000.0;-1821000000.0;-593000000.0;2508000000.0;2622000000.0;41000000.0;2614000000.0;2614000000.0;-348030069.1749797;1582047475.8208706;3503000000.0;6345000000.0;-314000000.0;-404000000.0;-78000000.0;;-393000000.0;-408438459.1222718;-334318733.0031443;12000000.0;-11000000.0;;;;6000000.0;2188000000.0;122000000.0;8000000.0;8000000.0;-3000000.0;1237000000.0;367500000.0;667000000.0;-500000.0;2663000000.0;20955000000.0;30253000000.0;51208000000.0;36658320543.17895;-21527985.84054565;12566000000.0;;28314239107.901592;44774000000.0;38404000000.0;1419000000.0;169000000.0;25975000000.0;28057000000.0;6000000.0;24381000000.0;1805000000.0;1300000000.0;134.1177520751953
2023-12-31;12567000000.0;137000000.0;1240000000.0;;;-870000000.0;6901000000.0;27000000.0;63056000000.0;26221000000.0;5424000000.0;5424000000.0;7000000.0;1664000000.0;22000000.0;1686000000.0;40000000.0;30033500000.0;677000000.0;1494500000.0;29741179465.67451;32205000000.0;14885000000.0;2223000000.0;1406000000.0;-38250000.0;5349000000.0;-815924579.6645344;;12993324384.07996;686250000.0;11500000.0;470000000.0;358000000.0;4400000000.0;1427500000.0;254000000.0;;-8738773158.234629;2579500000.0;;583000000.0;231250000.0;;-664750000.0;215000000.0;-137500000.0;427250000.0;-1250000.0;-55250000.0;-82250000.0;-788000000.0;686109620.9544058;5500000.0;150000000.0;3290995.0248756;144500000.0;95500000.0;3790000000.0;7583000000.0;344000000.0;;63056000000.0;16802000000.0;17964776687.41062;10118000000.0;2178000000.0;42666666.66666667;-1732500000.0;-615000000.0;2177000000.0;1933500000.0;63000000.0;1928000000.0;1928000000.0;-279750144.30608004;1610593780.7806978;2591000000.0;6626000000.0;-233500000.0;-323500000.0;-81000000.0;;-310500000.0;-390999289.7318822;-266653725.4232924;9000000.0;-13000000.0;;;;20000000.0;2263000000.0;133000000.0;5500000.0;5500000.0;-2500000.0;1130000000.0;361750000.0;689000000.0;-250000.0;1996500000.0;21459000000.0;30209000000.0;51668000000.0;35773624480.14289;4072724180.588776;12525000000.0;;26463245322.32933;45630000000.0;35081500000.0;1452000000.0;169000000.0;26346000000.0;28524000000.0;3500000.0;24381000000.0;1419000000.0;1500000000.0;127.93140411376953
2024-03-31;12458000000.0;388000000.0;1097000000.0;;;-1055000000.0;6916000000.0;39000000.0;62574000000.0;25674000000.0;4917000000.0;4917000000.0;7000000.0;1060000000.0;42000000.0;1102000000.0;34000000.0;27682000000.0;683000000.0;1411000000.0;30661352549.065388;29776000000.0;14885000000.0;2366000000.0;853000000.0;-69000000.0;5260000000.0;-713206408.3684736;;13120739025.065458;695000000.0;12000000.0;470000000.0;356000000.0;6000000000.0;1387000000.0;258000000.0;;-1812444398.215376;1683000000.0;;353000000.0;103000000.0;;-130000000.0;248000000.0;-163000000.0;356000000.0;-50000000.0;-86000000.0;-102000000.0;-257000000.0;780553787.2684896;7000000.0;147000000.0;5779875.621890528;140000000.0;100000000.0;3847000000.0;7912000000.0;348000000.0;;62574000000.0;16149000000.0;18456388908.434917;10044000000.0;2767000000.0;22333333.333333336;-1644000000.0;-637000000.0;1846000000.0;1245000000.0;85000000.0;1242000000.0;1242000000.0;-211470219.43718037;1639140085.7405243;1679000000.0;6828000000.0;-153000000.0;-243000000.0;-84000000.0;;-228000000.0;-373560120.3414927;-198988717.8434402;6000000.0;-15000000.0;;;;34000000.0;2297000000.0;144000000.0;3000000.0;3000000.0;-2000000.0;1023000000.0;356000000.0;695000000.0;0.0;1330000000.0;21871000000.0;30072000000.0;51943000000.0;34901517316.01024;5115498337.247376;12150000000.0;;24331672077.00423;46519000000.0;31759000000.0;1353000000.0;169000000.0;26057000000.0;28824000000.0;1000000.0;24381000000.0;1033000000.0;1300000000.0;170.31910705566406
2024-06-30;14565000000.0;203000000.0;1065000000.0;;;-1172000000.0;6929000000.0;13000000.0;63615000000.0;27115000000.0;5246000000.0;5414000000.0;7000000.0;763000000.0;42000000.0;805000000.0;33000000.0;30943000000.0;684000000.0;1424000000.0;4518986013.368786;33051000000.0;14885000000.0;2036000000.0;995000000.0;-69000000.0;5224000000.0;-804946030.1053458;;13322784239.964666;695000000.0;12000000.0;470000000.0;347000000.0;5300000000.0;1456000000.0;203000000.0;;4904370044.891836;1203000000.0;;277000000.0;103000000.0;;-130000000.0;248000000.0;-163000000.0;356000000.0;-50000000.0;-86000000.0;-102000000.0;-257000000.0;859989429.9891121;6000000.0;146000000.0;4704278.606965164;140000000.0;100000000.0;4307000000.0;8028000000.0;354000000.0;;63615000000.0;18318000000.0;18721053439.987663;9746000000.0;2807000000.0;2000000.0;-1644000000.0;-637000000.0;1846000000.0;880000000.0;46000000.0;877000000.0;877000000.0;-175845910.80992836;1640323994.6675725;1221000000.0;6731000000.0;-111000000.0;-124000000.0;-8000000.0;;-121000000.0;-89885151.14610204;-163685235.62786525;5000000.0;-3000000.0;;;;3000000.0;2077000000.0;122000000.0;3000000.0;3000000.0;-2000000.0;1023000000.0;356000000.0;696000000.0;0.0;926000000.0;22305000000.0;29769000000.0;52074000000.0;36113825663.90877;21790587030.58898;13145000000.0;;27283057033.75756;47052000000.0;34490000000.0;1490000000.0;169000000.0;25443000000.0;28250000000.0;1000000.0;12311015614.94786;1043000000.0;1500000000.0;156.9347381591797
